smiles,activity,rationale,rationale_score
C1=CC=C(C=C1)N2C(=O)C3C(C2=O)C(=NC3C4=CC=CC=N4)C5=C(C6=CC=CC=C6C5=O)O,0.022,,
C1=CC(=CC(=C1)NS(=O)(=O)C2=CC=C(C=C2)C(=O)NCC3=CC=C(C=C3)F)C(F)(F)F,0.030,F[CH:1](F)c1ccc[cH:1]c1,0.081
CCOC(=O)C1=C(C2=C(O1)N=C(C3=C2CCCC3)CC(C)C)N,0.005,,
CC1=C(C(=NN1C2=CC=CC=C2)C)/C=N/NC(=O)CSC3=NN=C(S3)SCC4=CC=CC=C4Cl,0.008,,
CC1=CC2=C(C=C1)NC(=O)C(=C2)CN(CCC3=CC=CC=C3)CC4=NN=NN4CC5CCCO5,0.002,,
C1=CC=C(C(=C1)/C=C/C(=O)NC2=CN=CC=C2)Cl,0.009,,
C1=CC(=CC(=C1)Br)C(=O)NCC(=O)N/N=C/C2=C(C(=CC(=C2)Br)Br)O,0.013,,
C1=CC(=CC(=C1)S(=O)(=O)NC2=CC=C(C=C2)Cl)C(=O)N/N=C/C3=CC=NC=C3,0.024,,
CC1=CC(=CC=C1)N2C(=CC(=C2C)/C=N/NC(=S)N)C,0.033,Cc1c(/C=N/[NH2:1])c[cH:1][nH:1]1,0.048
C1OC2=C(O1)C=C(C=C2)CNC(=O)C3=CC=NC=C3,0.004,,
CC1=C2C(=CC=C1)C=C(C(=O)N2)COC(=O)C3=CC=CS3,0.010,,
CNC1=C(N=C(O1)C2=CC=C(C=C2)Cl)P(=O)(C3=CC=CC=C3)C4=CC=CC=C4,0.014,,
CC1=CC=C(C=C1)/C(=C/2\C(N(C(=O)C2=O)CC3=CC=CO3)C4=C(C=CC(=C4)OC)OC)/O,0.012,,
CCCCCC(=O)NC1=CC=C(C=C1)CC2=CC=NC=C2,0.002,,
CCN1C2=NC(=O)N(C(=O)C2=NC(=N1)C3=CC=CC=C3)C,0.014,,
C1OC2=C(O1)C=C(C=C2)/C=C/3\C(=O)N/C(=N/S(=O)(=O)CC4=CC=CC=C4)/S3,0.011,,
CC1=CC(=C(C=C1)O)NC2=NC=NC3=CC=CC=C32.Cl,0.023,,
CC1=CC(=C(C=C1)/C=N/NC(=O)C2=NNC(C2)(C3=CC=CC=C3)C4=CC=CC=C4)O,0.079,C(=N/[NH2:1])\c1cc[cH:1]c[cH:1]1,0.048
C1=CC=C(C(=C1)C(=O)NN2C(=O)/C(=C/C3=CC=C(C=C3)O)/SC2=S)O,0.026,,
CCCCNC(=O)C1CCN(CC1)S(=O)(=O)C2=C(ON=C2C)/C=C\C3=CC=C(C=C3)OC,0.007,,
CC1=CSC(=N1)N/N=C/C2=CC(=C(C=C2)O)[N+](=O)[O-],0.050,Cc1csc(NN=[CH2:1])n1,0.060
CCOC1=CC=C(C=C1)NC(=O)CCCOC2=CC(=O)N(C3=CC=CC=C32)C,0.005,,
CN1C(=C(C(=O)N(C1=O)C)C(=O)COC(=O)CCC2=CNC3=CC=CC=C32)N,0.008,,
COC1=CC=CC=C1N(CC(=O)NC2=CC(=C(C=C2)Cl)C(=O)OC)S(=O)(=O)C3=CC=CC=C3,0.012,,
C1=COC(=C1)C(=O)NC(C(Cl)(Cl)Cl)N2C=CC(=O)NC2=O,0.026,,
COC1=C(C=C(C=C1)C(=O)N2CCN(CC2)CC3=CC(=C(C(=C3)OC)O)OC)OC.C(=O)(C(=O)O)O,0.012,,
CC1=C(C(=O)N(N1)C2=CC=CC=C2)C(C3=CC(=C(C=C3)OC)OC)C4=C(NN(C4=O)C5=CC=CC=C5)C,0.027,,
CCCOC1=CC(=C(C=C1)/C=N/NC(=S)NC2=CC=CC=C2[N+](=O)[O-])O,0.049,C(=N/[NH2:1])\c1cc[cH:1]c[cH:1]1,0.048
COC1=CC=C(C=C1)S(=O)(=O)N(CC(=O)N2CCN(CC2)C3=CC=CC=C3OC)C4=CC=CC=C4,0.017,,
CCN(CC)S(=O)(=O)C1=CC=CC(=C1)NC(=O)/C=C/C2=CC(=CC=C2)[N+](=O)[O-],0.006,,
C1=CC=C2C(=C1)C(=C(N2)C(=O)O)C(C3=C(C=CC(=C3)Br)O)C4=C(NC5=CC=CC=C54)C(=O)O,0.071,O=C(O)c1[nH]c2ccccc2c1[CH3:1],0.032
C1=CC=C(C=C1)SCCNC(=S)NC(=O)C2=CN=CC=C2,0.011,,
CCN1C2=CC=CC=C2C(=C1OCC)/C=C(\C#N)/C(=O)OCC,0.005,,
CC1=CC=C(C=C1)N=NC2=C3C=CC=NC3=C(C=C2)O,0.019,,
C/C(=N\NC(=S)NC)/C1=CC(=CC=C1)[N+](=O)[O-],0.019,,
CNCCCN1C2=CC=CC=C2CCC3=CC=CC=C31.Cl,0.015,,
CCCOC1=CC(=C(C=C1)/C=N/NC2=CC(=NC=N2)N3CCOCC3)O,0.012,,
COC1=CC=C(C=C1)CNC(=S)NC2=CC=C(C=C2)OC,0.003,,
CN1C2=C(C=C(C=C2)NC(=O)CCl)N(C1=O)C,0.031,Cn1c2cc(NC(=O)CCl)ccc2[n:1][cH:1]1,0.073
C1CCCC(CC1)NC(=O)COC(=O)C2=C(N=CC=C2)Cl,0.012,,
COC1=CC=CC(=C1)N2C(=O)C3=CC=CC=C3N=C2SCC4=CC(=O)OC5=CC(=C(C=C45)O)O,0.017,,
CC1=CC=C(C=C1)C2=NOC(=N2)COC3=CC4=C(C=C3)OCO4,0.004,,
CC(=C)CNC(=S)N/N=C(\C)/C1=CC=C(S1)Cl,0.016,,
COC1=CC=CC(=C1)/C=N/NC(=S)NC2=CN=CC=C2,0.017,,
COC1=C(C=C(C=C1)/C=C/C(=O)OCC(=O)NC2CCCCCC2)OC,0.003,,
C1CC(=O)N(C1=O)C2=C(C=CC(=C2)Cl)OC(=O)C3=CC=CO3,0.019,,
CCN(CC)C1=CC(=C(C=C1)/C=N/NC(=O)CC2=CC=CS2)O,0.008,,
CC(=O)C1=CC=C(C=C1)N(C)C,0.023,,
CC1=NC=C(N1)C23CC4CC(C2)CC(C4)C3,0.008,,
C1=CC(=C(C=C1O)O)/C=N/NC2=NC=CN=C2Cl,0.037,C(=N/[NH2:1])\c1cc[cH:1]c[cH:1]1,0.048
COC1=CC=CC(=C1)C(=O)NC(=S)NCC2=CC=CO2,0.002,,
C1=CC=C(C=C1)N2N=C3C=C(C(=CC3=N2)Cl)N,0.010,,
CC(=O)NCC1=C(C=CC=C1Cl)N2C=CC=C2,0.004,,
CCC1(NC(=S)N(N1)C2=CC=CC(=C2C)C)C3=CC=CC=C3,0.025,,
CN1C/C(=C\C2=CC=C(C=C2)N3CCOCC3)/C(=O)/C(=C/C4=CC=C(C=C4)N5CCOCC5)/C1,0.036,,
CC1CCCC(C1C)NC(=O)NC(=O)CCl,0.043,O=C(CCl)NC(=O)N[CH3:1],0.138
C1=CC=C2C(=C1)C(=C(N(C2=O)C3=NC=C(C=C3)Cl)O)/C=N/NC(=O)C4=CC=NC=C4,0.030,,
CC1=CC(=CC=C1)C2=CC3=C(C=C2)N=CN=C3NCC4=CN=CC=C4,0.007,,
CC1=CC=C(C=C1)SC(=O)COC2=CC=C(C=C2)OC,0.003,,
C1CCC2=C3C(=NN(C3=O)C4=CC=CC=C4)N=C(N2CC1)SCC(=O)C5=CC(=C(C=C5)O)O,0.014,,
CC(CNC(=O)CN1C=NC2=C(N=CN=C21)NCC3=CC=CC=C3)C4=CC=CC=C4,0.003,,
CCNC(=S)N/N=C/C1=CC=CS1,0.025,,
CC1=CC=C(C=C1)C(C2=CC(=C3C=CC=NC3=C2O)Cl)NC(=O)C,0.020,,
C1CCC2(C1)CC3=CC=CC=C3/C(=C/C(=O)C(=O)N/N=C/C4=CC=CC=C4O)/N2,0.055,O=C(C=[CH2:1])C(=O)NN=[CH2:1],0.055
C1=CC2=NON=C2C(=C1)S(=O)(=O)NC3=C(C=CC(=C3)F)F,0.019,,
COC1=NC(=NC(=C1)NS(=O)(=O)C2=CC=C(C=C2)NC(=S)NC(=O)C3=CC=C(C=C3)F)OC,0.020,,
CNC(=O)OC1=CC2=C(C=C1)N=CC=C2,0.013,,
COC1=C(C=C(C=C1)/C=N/NC(=O)CN2C3=CC=CC=C3N=N2)OC,0.005,,
CC1=CC(=C(N1CC2=CC=CO2)C)C(=O)CCl,0.027,,
CN1C(=C(C=N1)Cl)C(=O)NC2=CC3=C(C=C2)OCO3,0.008,,
C1=CC=C(C=C1)C\2=NOC(=O)/C2=C\C3=CC=C(O3)C4=CC=CC=C4[N+](=O)[O-],0.004,,
CC1=CC=CC=C1NC2=C/C(=N\S(=O)(=O)C3=CC=C(C=C3)C(=O)O)/C4=CC=CC=C4C2=O,0.057,c1cc([S:1][NH2:1])ccc1[CH3:1],0.036
COC1=C(C=C(C=C1)C2C=C(NC(=S)N2)C34CC5CC(C3)CC(C5)C4)OC,0.007,,
CCC(=O)N(C)CCC1=CC2=C(C(=C1/C=N/NC(=O)C3=CC=CC=C3O)OC)OCO2,0.034,C(=N/[NH2:1])\c1[cH:1]c[cH:1][cH:1][cH:1]1,0.048
CCCCCC1=C(C(=CC2=C1OC3=CC(=CC(=C3C(=O)O2)C(=O)CCCC)OC)O)C(=O)O,0.011,,
CC1=CC=C(C=C1)COC2=C(C=C(C=C2)/C=N/NC(=S)N)OC,0.013,,
CC1=CC(=C(N1C2=CC=C(C=C2)F)C)C(=O)OCC(=O)N3CC(=O)NC4=CC=CC=C43,0.009,,
CC(C)NC(=S)N/N=C/C1=CN(N=C1C2=CC(=C(C=C2)OC)OC)C3=CC=CC=C3,0.011,,
CN1C(C(CO1)S(=O)(=O)C2=CC=CC=C2)C3=CC(=C(C=C3)OCC4=CC=C(C=C4)OC)OC,0.005,,
COC1=CC(=CC(=C1OC)OC)NC(=O)C2=CC(=NN=C2Cl)Cl,0.014,,
CCC1=C(SC(=C1C(=O)N2CCOCC2)NC(=O)CC3=CC=CC=C3OC)C,0.003,,
COC1=C(C=C(C=C1)/C=N\NC(=O)C2=CC(=C(C(=C2)O)O)O)CN3CCN(CC3)C4=CC=C(C=C4)F,0.014,,
C1=CC(=CC(=C1)[N+](=O)[O-])C2=CSC(=N2)NC(=O)C3=C(C(=CC=C3)[N+](=O)[O-])C(=O)O,0.025,,
C1CN(C2=CC=CC=C21)S(=O)(=O)C3=CC=CC(=C3)C(=O)NC4=NC5=C(S4)C=C(C=C5)F,0.041,c1cc([CH3:1])cc([S:1][NH2:1])c1,0.038
CC(=O)C1=CC=C(C=C1)OCCCC(=O)NNC(=O)C2=CC(=CC(=C2)OC)OC,0.016,,
C1=CC=C2C(=C1)C(C3=CC=CC=C32)COC(=O)N[C@@H](CC4=CC=C(C=C4)Br)C(=O)O,0.009,,
C1=CC=C2C(=C1)C(=C(N(C2=O)C3=CC=CC=C3Cl)O)/C=N/NC(=O)C4=CN=CC=C4,0.040,C(=N/[NH2:1])\c1[cH:1][cH:1][cH:1][n:1][cH:1]1,0.038
CC1=CC=C(C=C1)C(=O)CSC2=NN=C(N2CC3=CC=CO3)CNC4=C(C=C(C=C4)C)C,0.008,,
CC1=C(C(=NO1)C2=CC=CC=C2)C(=O)NC(=S)NNC(=O)C3=CC=CC=C3O,0.149,S=C(NN[CH2:1][CH3:1])N[CH2:1][CH3:1],0.043
CC(C)CN(CCC(=O)O)CC(C)C,0.004,,
CCNC(=S)NC1=CC(=C(C=C1)C)Cl,0.013,,
CCC(C)(C)NC(=O)C(C1=CC=C(C=C1)O)N(C2=CC=C(C=C2)NC(=O)C)C(=O)CN3C4=CC=CC=C4N=N3,0.071,,
CC1=CC=CC=C1N=NC2=C3C=CC=NC3=C(C=C2)O,0.019,,
C1=CC(=C(C=C1Cl)Cl)CN2C=CSC2=NC(=O)CCl,0.021,,
CC(C)C1C(=O)N(C2=CC=CC=C2O1)CC(=O)N(CC3CCCO3)CC4=CC=CC=N4,0.010,,
C1=CC=C(C=C1)C2C3=C(C=CC(=C3)Br)N=C(N2CC(=O)NN)C4=CC=CC=C4,0.036,NNC(=O)CN1C([CH3:1])=Nc2ccc(Br)cc2C1[CH3:1],0.034
CC(=O)N(C1=CC=C(C=C1)C(F)(F)F)S(=O)(=O)C2=CC=C(C=C2)N3C(=O)CCC3=O,0.038,c1cc([S:1][NH2:1])ccc1[NH2:1],0.030
CC1=C(SC(=S)N1)CC2=CC=C(C=C2)F,0.006,,
CCN(CC)S(=O)(=O)C1=CC=C(C=C1)S(=O)(=O)N2CCCC2C(=O)O,0.004,,
CCCC(=O)NC(C1=CC2=C(C=C1)OCO2)C3=CC(=C4C=CC=NC4=C3O)Cl,0.025,,
C1=CC=C2C(=C1)C3=CC=CC=C3C2=NNC4=CC(=C(C=C4)Cl)C(=O)O,0.037,c1c[cH:1]c([CH3:1])cc1N[NH2:1],0.071
CC1=NC=CN1CCCN2C(=O)CNC2=S,0.003,,
C1=CC=C2C(=C1)C=CC(=C2/C=N/NC(=O)C3=C[N+](=CC=C3)CCO)O.[Cl-],0.009,,
CCCC1CC(OC1=O)CSC(=N)N.Br,0.038,Br.O=C1OC(CS[CH3:1])CC1[CH3:1],0.036
COC1=CC=C(C=C1)N(CC2=CC(=O)NC3=CC=CC=C32)C(=O)CCl,0.019,,
C1=CC=C(C=C1)C2=NC3=CC=CC=C3C(=C2)C(=O)N/N=C/C4=C(C=CC(=C4)[N+](=O)[O-])O,0.093,C(=N/[NH2:1])\c1c[cH:1]cc[cH:1]1,0.048
CC(C)OP(=O)(C1(C=C(C(=O)C(=C1)Cl)Cl)NS(=O)(=O)C2=CC=C(C=C2)Cl)OC(C)C,0.014,,
C1=C2C3=C(C(=C1O)O)OC(=O)C4=CC(=C(C(=C43)OC2=O)O)O,0.072,O=c1oc2c3c(c[cH:1][cH:1]2)c(=O)oc2c3c1c[cH:1][cH:1]2,0.030
CC(C)NC(=O)CN1C(=O)C(NC1=O)CCC2=CC=CC=C2,0.008,,
CC(=O)C1=C(C2=CC=CC=C2N1C)OC(=O)C3=CC=CO3,0.015,,
CC1=C(C(=O)N(N1C)C2=CC=CC=C2)N/N=C(\C#N)/C(=O)C3=CC=C(C=C3)Cl,0.022,,
C[C@H]1C(=O)N[C@H](C(=O)N[C@@H](CCCCNC2=C(C=C(C=C2I)[N+](=O)[O-])C(=O)N1)C(=O)N)CC(=O)N,0.012,,
CC(C)C[C@@H](C(=O)OC(C)(C)C)NC(=O)C1=C(NC=N1)C(=O)NCC2=CC=C(C=C2)CNC(=O)OC(C)(C)C,0.015,,
C1CCC(CC1)NC(=S)NC2=CC=C(C=C2)OC3=CC=C(C=C3)NC(=S)NC4CCCCC4,0.022,,
C1=CC=C(C=C1)C2C=CC(C3C2C(=O)N(C3=O)C4=CN=CC=C4)C5=CC=CC=C5,0.026,,
C1=CC(=C(C=C1Br)/C=N/NC(=O)C2=NON=C2N)O.Cl,0.042,Brc1cc[cH:1]c([CH3:1])c1.Cl,0.050
COC(=O)C1=CC=C(C=C1)OC(=O)CN2C(=O)C3=CC=CC=C3C2=O,0.014,,
C1CN(CCN1CC2=C3C=CC=NC3=C(C=C2)O)C4=CC=CC=C4,0.008,,
C1=CC=C(C=C1)CN2C(=NN=C2SCC(=O)NNC(=O)C3=CC=CC=C3O)C4=CC=CC=C4O,0.048,c1cc[cH:1]c([CH2:1]N[NH2:1])c1,0.031
C1=CC(=CN=C1)OC(=O)C2=CC=C(C=C2)Cl.Cl,0.018,,
CC1=CC(=C(C(=C1)C)N(C(C2=CSC=C2)C(=O)NC(C)(C)C)C(=O)CN3C4=CC=CC=C4N=N3)C,0.024,,
CC1=NC(=CO1)C2=CC=C(C=C2)S(=O)(=O)N3CCN(CC3)C4=CC=CC=C4,0.012,,
C1=CC(=CC=C1NC2=CC=C(C3=NON=C23)[N+](=O)[O-])S(=O)(=O)N,0.006,,
CC1=C(C=CC=C1Cl)NC(=S)NCC2=CC=CS2,0.005,,
C1=CC(=CC=C1C[C@H](C(=O)O)NS(=O)(=O)C2=CC=C(C=C2)C(=O)O)C(F)(F)F,0.044,c1cc([S:1][NH2:1])ccc1[CH3:1],0.036
CC1=CC=CC=C1NC2=NN=C(S2)SCC(=O)NC3=C(C=C(C=N3)C(F)(F)F)Cl,0.017,,
C1=CC=C(C(=C1)C(=O)CC2(C3=CC=CC=C3N(C2=O)CC(=O)N)O)O,0.017,,
CC1=C(SC(=N1)N/N=C\C2=CC3=C(C=C2)OCO3)C,0.022,,
CC1CC(CN(C1)S(=O)(=O)C2=CC=C(C=C2)C(=O)NNC3=NC4=C(C=CC=C4S3)C)C,0.150,n1c(NN[CH2:1][CH3:1])s[cH:1][cH:1]1,0.045
CC1=NN(C(=C1C(C2=CC=CC=C2)C3=C(N(N=C3C)C4=CC=CC=C4)N)N)C5=CC=CC=C5,0.008,,
CC(=C)CN1C(=O)C2=CC=CC=C2N=C1SCC(=O)N/N=C/C3=C(C=CC4=CC=CC=C43)O,0.013,,
CCCC(=O)NC(C1=CC=C(C=C1)C)C2=C(C3=C(C=CC=N3)C=C2)O,0.016,,
CC1=CC(=NO1)NC(=O)COC(=O)C(C(C)C)NC2=C(C=C(C=C2)C(F)(F)F)Cl,0.012,,
C/C(=N\NC(=S)NC1=CC=CC=C1)/CC2=CC=C(C=C2)OC,0.009,,
C1=CC(=CC=C1CSC2=NN=C(S2)NC(=O)C3=CC4=C(C=C3)N=CS4)C#N,0.005,,
CC1=CC=C(O1)C2=NN(C(C2)C3=CC=CS3)C(=O)CCl,0.021,,
C1=CC=C(C=C1)C(C2=CC(=C3C=CC=NC3=C2O)Cl)NC(=O)C4=CN=CC=C4,0.063,,
CC1(C2CCC1(C(=O)N(C2=O)NC(=O)C3=CC=CC=C3O)C)C,0.033,N(N1[CH2:1][CH2:1][CH2:1][CH2:1][CH2:1]1)[CH2:1][CH3:1],0.097
CCCC(=O)NC(C1=C(C2=C(C=CC=N2)C=C1)O)C3=CC=CC=C3Cl,0.018,,
C1COCCN1CCCN2C(=O)C3=CC=CC=C3N=C2SCC(=O)NC4=CC=CC=C4OC(F)F,0.014,,
CCN(CC)C1=CC(=C(C=C1)/C=N/NC(=O)C2=CC(=CC=C2)S(=O)(=O)NC3=CC=CC=C3OC)O,0.024,,
CCC(=O)C1=CC(=C(C=C1)N2CCN(CC2)C(=O)C3=C(C=CC(=C3)[N+](=O)[O-])N4CCN(CC4)C)F,0.010,,
CC1=CC=C(S1)/C=N/NC2=NC3=CC=CC=C3N2,0.011,,
CCCCCC(=O)N/N=C(\C)/C1=CC=C(C=C1)N2CCCCC2,0.010,,
C1=CC=C(C=C1)CCNC(=O)C2=CC=CC=C2NC(=O)CCC(=O)O,0.005,,
COC1=C(C=C(C=C1)CCNC(=O)C(=O)NCC2N(CCO2)S(=O)(=O)C3=CC=CC=C3)OC,0.009,,
C1COCCN1CC2=CC(=C3C=CC=NC3=C2O)COCC4=CC=CC=C4,0.005,,
COC1=C(C=C(C=C1)CC2=NN=C(NC2=O)N/N=C/C3=C(C=C(C=C3)O)O)OC,0.037,O=c1[nH]c(N[NH2:1])nn[cH:1]1,0.064
CC1(C2CCC1(C(=O)N(C2=O)CSC(=S)N/N=C\C3=CC=CC=C3)C)C,0.030,,
CC1=CC=C(C=C1)S(=O)(=O)/C(=C/Cl)/NC(=O)C2=CC=CC=C2,0.005,,
CC1=C(C(=NN1C(C)C(=O)N/N=C/C2=C(C(=CC=C2)OC)O)C)[N+](=O)[O-],0.013,,
C1CC(CN(C1)C(=O)NC2=CC=CC=C2)C3=NC(=NO3)C4=CC=CS4,0.004,,
C1CCC(=CC1)CCN2C(=C(C(=O)NC2=S)/C=N/NC(=O)C3=CC=CC=C3)O,0.033,O=c1[nH]c(=S)[nH:1]c(O)[cH:1]1,0.052
CC1=CC(=CC=C1)C2=NN=C(N2CC=C)SCC3=CC(=O)N4C=C(C=CC4=N3)C,0.005,,
CC1=CSC(=C1NC(=O)CSC2=CC=C(C=C2)Cl)C(=O)OC,0.005,,
C1CN(CCN1CC2=CC=CC=C2)C(=O)CNC(=O)C3=CC=C(C=C3)Br,0.004,,
C1=CC(=CC=C1NS(=O)(=O)C2=CC=C(C=C2)Br)S(=O)(=O)NC3=NC=CS3,0.023,,
CC1=C(C(=CC=C1)N2CCN(CC2)C(=O)C3=CC(=O)NC4=CC=CC=C43)C,0.030,,
CC(=O)NC1=CC=C(C=C1)N(C(C2=CC(=CC=C2)OC)C(=O)NCC3CCCO3)C(=O)CN4C5=CC=CC=C5N=N4,0.036,,
C1COC(N1S(=O)(=O)C2=CC3=C(C=C2)OCCO3)CNC(=O)C(=O)NCCC4=CC=CC=C4,0.023,,
CCOC1=C(C(=CC(=C1)C(=O)N)Br)OC,0.005,,
CC(=O)N(C)CC1=CC=C(C=C1)C(=O)CCl,0.080,ClC[CH2:1]c1cc[cH:1]cc1,0.054
COC1=CC=CC(=C1)C(C(=O)NCC2=CC=CO2)N(CC3=CC=CO3)C(=O)CN4C5=CC=CC=C5N=N4,0.049,,
COC1=CC=C(C=C1)C(=O)OC2=CN=CC=C2,0.008,,
C1=CC=C(C=C1)C2=CSC3=C2C(=NC=N3)SCC(=O)NC4=CC=C(C=C4)C(=O)O,0.012,,
COC(=O)C1=CC=C(C=C1)NC(=O)C2=CC=C(C=C2)NC(=O)C3=CC=CO3,0.004,,
C1CCN(CC1)S(=O)(=O)C2=CC=C(C=C2)OCC(=O)NC3=CC=CC=C3F,0.007,,
CCOC(=O)C1=C(NC(=C1C)C(=O)OCC)CSC2=NN=C(O2)C3=CC=C(C=C3)OC,0.003,,
CC1=NN=C(N1CC2=CC=CC=C2)SCC(=O)C3=C(N(C(=O)N(C3=O)C)C)N,0.009,,
COC1=C(C=C(C=C1)C(C2=CC(=C3C=CC=NC3=C2O)Cl)NC(=O)C4=CN=CC=C4)OC,0.046,,
COC1=CC=CC(=C1O)/C=N/NC(=O)C2=NC(=CC(=N2)C3=CC=CC=C3)C4=CC=CC=C4,0.088,C(=N/[NH2:1])\c1ccc[cH:1][cH:1]1,0.048
CN(C)C(CNC(=O)C1=CC(=NC2=CC=CC=C21)C3=CC=CO3)C4=CC=CC=C4,0.006,,
CC1=CC(=C(C=C1)CN2CCN(CC2)/N=C/C3=C(C=CS3)C)C,0.013,,
COC1=CC=C(C=C1)C2=NC3=CC=CC=C3C(=O)N2NC(=O)COC4=CC=C(C=C4)OC,0.007,,
CC(C(=O)NC1=CC2=C(C=C1)C(=O)C3=CC=CC=C3C2=O)SC4=NN=C(S4)NCC5=CC=CC=C5,0.024,,
CC(=O)NC1=CC=C(C=C1)N(C(C2=C(C(=CC=C2)OC)OC)C(=O)NCC3CCCO3)C(=O)CN4C5=CC=CC=C5N=N4,0.038,,
CC1=CC=C(C=C1)C2=CC(=NN2)NC(=O)C3=CC=CC=C3[N+](=O)[O-],0.040,O=[N+]([O-])c1cccc[cH:1]1,0.034
CC1=C(C(=CC=C1)C)NC(=O)CN(C)C(=O)C2=CC=CC=C2SCC(=O)N3CCCC3,0.004,,
C1=CC=C(C(=C1)C2=NC3=C(O2)C=CC(=C3)N)Cl,0.006,,
COC1=CC=CC(=C1)C(C(=O)NC2=CC=C(C=C2)F)N(C3CC3)C(=O)CN4C5=CC=CC=C5N=N4,0.008,,
CC1=CC(=C(C=C1)C)N2CCN(CC2)C(=O)C3CCCN(C3)S(=O)(=O)C4=C(NC(=O)NC4=O)C,0.082,,
CN(C)C1=NC(=NC(=N1)N)C2=NC3=CC=CC=C3S2,0.005,,
CC(C1CC2CCC1C2)NC(=O)C3=CC=C(C=C3)N(C)C,0.006,,
COC1=CC=CC(=C1)C(C2=C(C(=O)C=C(O2)CO)O)NC3=CC=CC=N3,0.010,,
CC1=C(SN=N1)C(=O)N2CCCC(C2)N3CCN(CC3)C4=CC=C(C=C4)F,0.008,,
C1CN(CCC1C(=O)N)C(=O)C2=CC3=C(C(=C2)Cl)OCCO3,0.008,,
CC1=C(C(C(=C(N1)C)C(=O)OC)C2=CC=CC=C2[N+](=O)[O-])C(=O)OC,0.001,,
CC1=NN(C(=O)C1C2=CC=CC=C2)C3=CC=CC=C3,0.041,c1ccc(N2N=[CH:1][CH2:1][CH2:1]2)cc1,0.046
C1=CC=C(C=C1)NCC2=C3C=CC=NC3=C(C=C2)O,0.007,,
CC1=CC=C(O1)CNC(=O)C2=CN(C(=O)C3=C2C4=CC=CC=C4N3C)C5CCCCC5,0.011,,
CC1=C(SC2=C1C(=O)NC(=N2)CN(C3CCCC3)C(=O)NC4CCCCC4)C,0.006,,
CC1=CC2=C(C=C1)N=C(S2)NNC(=O)C3=CC=C(C=C3)S(=O)(=O)N4CCC5=CC=CC=C5C4,0.327,n1c(NN[CH2:1][CH3:1])s[cH:1][cH:1]1,0.045
C1CCCN(CC1)N=NC2=CC=C(C=C2)C(=O)O,0.006,,
C1=CC=C(C(=C1)C(=O)O)NS(=O)(=O)C2=CC(=C(C=C2)NNC(=S)NC3=CC=C(C=C3)OC(F)F)[N+](=O)[O-],0.074,O=[N+]([O-])c1c[cH:1]cc[cH:1]1,0.034
C1=CC=C(C=C1)C2=CC=C(C=C2)/C(=C/C3=CC=C(C=C3)F)/C(=O)O,0.029,,
CC1=C(C(=NO1)C2=CC=CC=C2)C(=O)NC(=S)NNC(=O)C3=C(C=C(C=C3)O)O,0.179,S=C(NN[CH2:1][CH3:1])N[CH2:1][CH3:1],0.043
CC1CCCC(N1NC(=S)NC2=CC=C(C=C2)OC(F)F)C,0.032,CC1CCC[CH2:1]N1N[CH3:1],0.109
CC1=CC(=C(N1CCCC(=O)OC)C)C(=O)CCl,0.013,,
CC1=CC(=C(C(=C1)[N+](=O)[O-])O)/C=N/N2C(=NC3=CC=CC=C3C2=O)COC4=CC=CC=C4,0.040,O=c1n(N=[CH2:1])[cH:1]n[cH:1][cH:1]1,0.031
C1CN(CCN1C(=O)C2=CC(=CN=C2)Br)S(=O)(=O)C3=CC=CC=C3C(F)(F)F,0.021,,
C1=CC=C(C(=C1)/C=C/C(=O)C2=C(C(=O)C=CC=C2)O)Cl,0.067,O=c1ccccc([CH3:1])[cH:1]1,0.036
C1=CC(=C(C(=C1)Cl)/C=C/C(=O)NC2=CN=CC=C2)F,0.006,,
C1=CC=C(C=C1)S(=O)(=O)CC2=CN=C(S2)Cl,0.006,,
CC1=CC(=C(C=C1)C(C)C)OCC2=CC=C(C=C2)C(=O)N/N=C/C3=C(C(=CC=C3)O)O,0.044,C(=N/[NH2:1])\c1ccc[cH:1][cH:1]1,0.048
C[C@H]1CN(C(=O)C2=C(C(=CC=C2)NS(=O)(=O)C3=CC=CC=C3)O[C@@H]1CNC)[C@H](C)CO,0.012,,
COC(=O)COC1=CC=CC2=C1C=CN(C2=O)CC(=O)NCC3=CC=CC=C3,0.003,,
CCOC1=CC2=C(C=C1)N(C(=O)C2=O)CC3COC4=CC=CC=C4O3,0.033,O=C1C(=O)[CH:1]=[CH:1]N1C[CH3:1],0.040
C1C(OC2=CC=CC=C2O1)C(=O)N/N=C\C3=C(C(=CC=C3)[N+](=O)[O-])O,0.029,,
COC1=C(C=C2C(N(CCC2=C1)C(=O)CCl)C3=C(C=CC(=C3)Br)F)OC,0.012,,
C1CCN(CC1)S(=O)(=O)C2=CC=C(C=C2)C(=O)N/N=C\C3=C(C=CC4=CC=CC=C43)O,0.047,C(=N\[NH2:1])\c1[cH:1]cc[cH:1][cH:1]1,0.048
C1=CC=C(C=C1)COC(=O)NC(C(Cl)(Cl)Cl)NC(=S)NC2=CC(=CC=C2)Cl,0.025,,
CC1=CC(=NC2=C1C(=NN2C)NC(=O)CCl)C,0.015,,
CC(=O)NC1=CC=C(C=C1)N=NN2CCOCC2,0.006,,
CCC1CCC(CC1)N2CCN(CC2)C3=CC=C(C=C3)[N+](=O)[O-],0.007,,
CC1=CC=CC=C1CCN(CC2=CC3=CC4=C(C=C3NC2=O)OCO4)C(=O)C,0.008,,
C1CC2=CC=CC=C2N(C1)CC(=O)N/N=C/C3=C(C=CC4=CC=CC=C43)O,0.021,,
C[C@]12[C@@H]3[C@H]([C@H](N1C(=O)N(C2=O)C4=CC(=CC=C4)F)C5=CC=C(C=C5)F)C(=O)N(C3=O)C6CCCCC6,0.023,,
C1=CC=NC(=C1)C2=NNC(=N2)COC3=CC=C(C=C3)Br,0.002,,
CCC1=NC(=C2C(=N1)N(N=N2)CC3=CC=CC=C3Cl)NC4=CC(=C(C=C4)OC)OC,0.003,,
CC1=NC2=CC=CC=C2C(=C1)C(=O)N/N=C/C3=C(C=CC(=C3)[N+](=O)[O-])O,0.064,C(=N/[NH2:1])\c1c[cH:1]cc[cH:1]1,0.048
CC1CCC2C(C1)C(=O)N(C2=O)C3=C(C=CC(=C3)Cl)OC(=O)C4=CC=CO4,0.021,,
C1=CC=C2C(=C1)N=CC(=N2)C3=CC=C(C=C3)OC4=CC(=C(C=C4)C#N)C#N,0.014,,
CC(=O)NC(C1=C(C=C(C=C1)OC)OC)C2=C(C3=C(C=CC=N3)C=C2)O,0.011,,
CC1=C2C(=CC=C1)C(=C(C(=N2)C)CC=C)SC(=N)N.Cl,0.030,,
CC1CSC2=CC=CC=C2NC1=S,0.015,,
COCCOC(=O)/C(=C/C1=CN(N=C1C2=CN=CC=C2)CC3=CC=CC=C3)/C#N,0.004,,
CC(=O)NC1C2=C(C=CC(=C2)Br)N(C1=O)CCN3CCOCC3.Cl,0.013,,
CC1=CC(=O)N2C(=N1)SC(=N2)N3CCC(CC3)C(=O)NCC4=CC=CC=C4F,0.007,,
C[C@@H]1CN(C(=O)C2=C(C=CC(=C2)NC(=O)NC3=CC=CC4=CC=CC=C43)O[C@H]1CN(C)S(=O)(=O)C5=CC=C(C=C5)C)[C@H](C)CO,0.077,,
CC1=C(C(=CC=C1)C)NC(=S)NN2CCN(CC2)C,0.021,,
C1CC(OC1)CNC(=O)CCNC(=O)CN2C=NC3=CC=CC=C3C2=O,0.002,,
C1CN(CCN1CCO)CC2=CC(=C3C=CC=NC3=C2O)Cl,0.005,,
CC1=CC=CC=C1NC(C)C(=O)N/N=C/C2=C(C(=CC(=C2)[N+](=O)[O-])OC)O,0.016,,
CN1C(=C(C=N1)Cl)C(=O)N/N=C/C2=CC=CC=N2,0.016,,
C1CN(CCN1C2=C(C=C(C=C2)C(=O)C3=CC=CC=C3)F)C(=O)C4=C(C(=CC=C4)F)F,0.020,,
CC1=CC(=CS1)C2=NNC(=S)N2CC(C)C,0.004,,
CC1=CC=C(C=C1)NC(=O)C2=C(NC=N2)C(=O)NCCCCCCNC(=O)C3=C(N=CN3)C(=O)NC4=CC=C(C=C4)C,0.030,,
CC1=CC(=O)OC2=C1C=CC(=C2)NC(=O)CC3=CC=CC=C3[N+](=O)[O-],0.007,,
CC1=C(C=C(C=C1)NC2=NC(=C(C(=N2)N3CCOCC3)[N+](=O)[O-])N)C,0.015,,
C1COC2=C(O1)C=CC(=C2)CCNC(=O)/C=C/C3=CC=C(C=C3)F,0.002,,
C1CN(CCN1C2=CC=CC=C2)C(=S)NC3=CC(=CC=C3)S(=O)(=O)C(F)F,0.019,,
CC(=O)N(C)C1=CC=C(C=C1)NS(=O)(=O)C2=C(C=CC(=C2)Cl)Cl,0.006,,
C1=CC=NC(=C1)NC(=S)NC(=O)C2=CC=CO2,0.011,,
CC1CC2=CC=CC=C2N1C(=O)C3CCCN(C3)S(=O)(=O)C4=CC=CC5=NSN=C54,0.032,C1CC([CH3:1])CN([S:1][CH3:1])C1,0.046
C1=CC=NC(=C1)SCC(=O)NC2=NON=C2[N+](=O)[O-],0.005,,
C1=CC=C(C=C1)P(=O)(CC(=O)N/N=C/C2=C(C(=CC(=C2)Br)Br)O)C3=CC=CC=C3,0.022,,
CN1C=CC=C1C2=NNC(=C2)C(=O)N/N=C/C3=C(C(=CC=C3)OC)O,0.017,,
COC1=CC=C(C=C1)/C=C\2/C(=O)/C(=C/C3=CC=C(C=C3)OC)/CN(C2)CC4=CC=CC=C4,0.009,,
CCC1(C(=NC2=CC=C(C=C2)OC)NC(=O)N(C1=O)C)CC,0.004,,
C1=CC=C2C(=C1)NC(=N2)N/N=C/C3=CC(=C(C=C3O)O)[N+](=O)[O-],0.069,C(=N/[NH2:1])\c1c[cH:1][cH:1]c[cH:1]1,0.048
CCN(CC(=O)N1CCCC1)S(=O)(=O)C2=CC=C(C=C2)Cl,0.004,,
CC1=CC(=C(C=C1)OC)NC(=O)C2=CC3=CC=CC=C3C=C2OCC(=O)NCC4=CC=CO4,0.007,,
COC1=CC=CC(=C1O)/C=N/NC(=O)C2=C3CCC4=CC=CC=C4C3=NN2,0.020,,
CC1=C(C(=NN1CC2=CC=CC=C2)C)/C=N/NC(=O)CNC3=CC=CC(=C3)C(F)(F)F,0.034,F[CH:1](F)c1ccc[cH:1]c1,0.081
CC(=O)NC(C1=CC=C(C=C1)OC)C2=CC(=C3C=CC=NC3=C2O)Cl,0.013,,
CC1=CC2=C(S1)C3=C(N2C)C(=O)N(N=C3C)CC4=CC=CC=C4F,0.006,,
CC1=CC=C(C=C1)C2CC2C(=O)NNC(=S)NC3=CC=CC(=C3)C,0.019,,
CC(C)NC(=S)NC(=O)C1=C(C=C(C=C1)Cl)Cl,0.014,,
CC1=C(C(NC(=S)N1)C2=CC=C(O2)C3=CC=CC=C3C(=O)OC)C(=O)OC,0.005,,
CC1=C(C(=NN1)C2=C(C=C(C=C2)OCC(=C)C)O)C3=CC=CC=C3,0.012,,
COC1=C(C=C(C=C1)/C=N/NC(=O)C2=CC(=C(C(=C2)O)O)O)CN3C=C(C=N3)[N+](=O)[O-],0.013,,
C1=CC=C(C=C1)NC(=O)C2=C(C=CC(=C2)N3C=NN=C3)Cl,0.008,,
CC1=CC(=CC=C1)C2=CC3=C(C=C2)N=CN=C3NCC4=CC=CS4,0.011,,
CCN1C(=NN=C1SCC(=O)C(C)(C)C)COC2=CC=CC=C2,0.004,,
CC(=O)C1=C(NC(=C1)C2=CC=CC=C2)N3CCOCC3,0.017,,
CC1=CC=C(C=C1)S(=O)(=O)/N=C/2\C=C(C(=O)C3=CC=CC=C32)NC4=CC=CC(=C4)C(=O)O,0.051,Cc1ccc([S:1][NH2:1])cc1,0.036
CC[C@]12[C@@H]3[C@H]([C@H](N1C(=O)N(C2=O)C4=CC(=CC=C4)F)C5=CC=C(C=C5)F)C(=O)N(C3=O)C6CCCCC6,0.021,,
CC(=O)NC1=C(C2=NON=C2C(=C1)OC(=O)C)OC(=O)C,0.007,,
C1CC(CC=C1)/C=N/NC(=O)C2=C(C=C(C=C2)Cl)O,0.035,C1=CCC(/C=N/[NH2:1])CC1,0.033
CC1=CC=CC=C1C(=O)NC2=CC=CC(=C2)C(=O)N/N=C/C3=C(C(=CC(=C3)Cl)[N+](=O)[O-])O,0.073,C(=N/[NH2:1])\c1c[cH:1]c[cH:1][cH:1]1,0.048
CN(C1CCCN(C1)CC2=CC=CC=C2F)C(=O)C3=CC=CC=C3C4=NC=CN4,0.001,,
CC1=CC=C(C=C1)C(=O)C2=C3C=CC(=CC3=[N+](N2CCC(=O)N)[O-])[N+](=O)[O-],0.022,,
CC1=C(N=C(S1)N/N=C/C=C/C2=CC=CC=C2)C3=CC=CC=C3,0.039,N(Nc1nc([CH3:1])[cH:1]s1)=[CH2:1],0.060
CCN(C(=O)C1=CC=CC=C1)NC(=O)C(C2=CC=CC=C2)(C3=CC=CC=C3)O,0.020,,
COC1=C(C=C(C=C1)C(C2=C(C(=O)C=C(O2)CO)O)C3=C(C(=O)C=C(O3)CO)O)OC,0.027,,
CCN1C(=O)/C(=C\2/C=CC=CN2C)/OC1=S,0.017,,
CC1=C(C=C(C=C1)C(=O)NC(=S)NC2=CC=CC=C2N3CCCC3)[N+](=O)[O-],0.027,,
C1=CC=C(C=C1)CNC(=S)NNC(=S)NC2=CC=CC(=C2)C(F)(F)F,0.058,F[CH:1](F)c1ccc[cH:1]c1,0.081
CC1=CC=C(C=C1)C(=O)C2=C3C=CC=CC3=[N+](N2CCC(=O)N)[O-],0.037,,
COC1=CC=C(C=C1)S(=O)(=O)N2CCN(CC2)C(=O)NC3=CC=CC=C3OC,0.006,,
CC1=C(C(=NO1)C2=CC=CC=C2)C(=O)NC(=S)NNC(=O)C3=CC=NC=C3,0.073,S=C(NN[CH2:1][CH3:1])N[CH2:1][CH3:1],0.043
CCN1N=C(N=N1)C2=CC=CC=C2NS(=O)(=O)C3=CC=C(C=C3)S(=O)(=O)N(C)C4CCCCC4,0.010,,
C1=CC2=C(N([N+](=C2C=C1)[O-])CCC(=O)N)C(=O)C3=CC(=CC=C3)[N+](=O)[O-],0.027,,
CCC1=C(C(=CC=C1)CC)NC(=O)CN2CCN(CC2)C3=CC=CC=C3.Cl,0.010,,
CN1CCN(CC1)C(=O)C2=CC=C(C=C2)S(=O)(=O)C3=CC=C(C=C3)Br,0.008,,
CCNC(=S)NNC(=O)C1CCCCC1,0.020,,
CC(C)(C)C1=CC=C(C=C1)C(=O)NC(=S)NCC2CCCO2,0.005,,
CC(C)(C)N(CC1=CC=CC=C1)C(=O)COC(=O)C2CCCCC2,0.003,,
C1=CC=C(C=C1)/C=N/NC(=S)N,0.107,C(=N/[NH2:1])\c1ccccc1,0.048
COCCNC(=O)C(C1=CC(=CC=C1)OC)N(CC2=CC=CS2)C(=O)CN3C4=CC=CC=C4N=N3,0.019,,
CC/C(=N\NC(=S)N)/CC(C1=CC=CC=C1)C2=C(C3=CC=CC=C3OC2=O)O,0.061,O=c1o[cH:1][cH:1]c(O)c1C(C/[CH:1]=N/N[CH:1]=S)[CH3:1],0.033
CCC1=CC(=C(S1)NC(=O)CCl)C(=O)C2=CC=C(C=C2)C,0.032,O=C(c1cc[cH:1]cc1)[CH3:1],0.039
CC1=CC2=C(C=C1)NC(=O)C(=C2)C3C4=C(C5=C(C=CC=N5)C=C4)OC(=C3C#N)N,0.034,,
CC(C)CS(=O)(=O)C1=NSC2=NC(=O)/C(=C\C3=CC=C(C=C3)OC(=O)C4=CC=CO4)/C(=N)N21,0.008,,
CC1=CC(=C(C(=C1)C)S(=O)(=O)/N=C/2\C=C(C(=O)C3=CC=CC=C32)NC4=CC=C(C=C4)C(=O)O)C,0.065,Cc1c[cH:1]c[cH:1]c1[S:1][NH2:1],0.037
CC1CCCC(N1NC(=S)NC2=CC(=CC=C2)OC)C,0.022,,
COC1=C(C=C(C=C1)NC(=O)CCS(=O)(=O)C2=C(C=C3C(=C2)OCC(=O)N3)Cl)OC,0.008,,
CC1=C(C=C(C=C1)N2C(=O)/C(=C\C3=CN=C(N=C3)C4=CC=CC=C4)/C(=O)NC2=O)C,0.027,,
CN(C)CCNC(=O)C(=O)NCC1N(CCO1)S(=O)(=O)C2=CC=C(C=C2)OC,0.004,,
CC1=CC(=CC(=C1)NS(=O)(=O)C2=CC3=C(C=C2)NC=C(C3=O)C(=O)N4CCC5=CC=CC=C54)C,0.051,O=C(c1c[nH][cH:1][cH:1]c1=O)[NH2:1],0.033
COC1=CC(=CC(=C1)CNCCC2=CNC3=CC=CC=C32)OC.C(=O)(C(=O)O)O,0.020,,
CC1=C(C(=NO1)C)S(=O)(=O)N(CC(=O)NCC2=CC(=CC=C2)OC)C3=CC=C(C=C3)C(C)C,0.013,,
CC1=CC=C(C=C1)NC(=O)CNC2=CC(=C(C=C2C(=O)OC)OC)OC,0.005,,
CC1CCCCN1C(=S)SCC2=NC(=NC(=N2)NC3=CC=CC=C3OC)N,0.002,,
CC(C)COC1=CC=C(C=C1)C2=NN(C=C2C(=O)NC3=NC=CS3)C4=CC=CC=C4,0.010,,
CCC1=CC=C(C=C1)OC2=NC(=NC(=C2)C)N,0.004,,
C1COCCN1C(=O)C2=CC=C(C=C2)N3C(=O)C4=CC=CC=C4N=C3SCC5=CC(=CC=C5)F,0.008,,
C1=CC=C(C=C1)CCN(C(C2=CC=CO2)C(=O)NCC3=CC=CO3)C(=O)CN4C5=CC=CC=C5N=N4,0.035,,
CC1=CC(=NN1)C(=O)NC2CCCC3=C2C=NN3C4=CC=C(C=C4)C(C)(C)C,0.004,,
CN(C)C(CC1=CC=CC=C1)C(=O)C2=CC=C(C=C2)C3=CC=CC=C3.Cl,0.026,,
CCC(=O)NC(/C=C/C1=CC=CC=C1)C2=CC(=C3C=CC=NC3=C2O)[N+](=O)[O-],0.027,,
CC(C(=O)NCC1=CC=CC=N1)OC2=CC3=C(C=C2)C(=CC(=O)O3)C4=CC=C(C=C4)OC,0.007,,
CC1=CC=CC=C1N2C(=C(C(=O)NC2=O)C(=NCC3=CN=CC=C3)C)O,0.006,,
C1=CC=C(C=C1)C2=C(C(=O)NC(=N2)SCC(=O)NC3=CC=C(C=C3)OC(F)(F)Cl)C#N,0.018,,
CCOC(=O)C1=CC=C(C=C1)N2C(=C(C3=CC=CC=C3C2=O)/C=N/NC(=O)C4COC5=CC=CC=C5O4)O,0.021,,
C1=CC2=C(N([N+](=C2C=C1)[O-])CCC(=O)N)C(=O)C3=CC(=C(C(=C3)Cl)N)Cl,0.034,,
C1=CC=C2C(=C1)C=CC(=C2/C=N/NC3=NC(=CC(=N3)Cl)N)O,0.048,Clc1c[cH:1]nc(N[NH2:1])n1,0.055
CC\1(C2=CC=CC=C2N(/C1=C\C(=S)NC(=O)C3=CC=CC=C3Cl)C)C,0.008,,
COC1=CC(=CC(=C1OC)OC)C(=O)NC2CCN(CC2)CC3=NN=NN3CC4=CC=CS4,0.001,,
CCOC1=CC=C(C=C1)/C=N/NC(=S)N,0.041,C(=N/[NH2:1])\c1cc[cH:1]cc1,0.048
C1CCC(=CC1)CCNC(=S)NC(=O)C2=CC(=CN=C2)Br,0.005,,
CC1=CC(=C(C=C1)C)NC(=O)CCCCCCCCCCC2COCCO2,0.005,,
CC(C)NC(=O)CN1CCN(CC1)C2=NC=CC=N2.C(=O)(C(=O)O)O,0.006,,
CC1=CC=C(C=C1)C2CC(=NN2C(=O)CCl)C3=CC=CS3,0.135,O=C(CCl)N1N=[CH:1]C[CH2:1]1,0.154
C1COCCN1S(=O)(=O)C2=CC(=C(C=C2)O)NC(=O)CSC3=NC4=CC=CC=C4S3,0.019,,
CC1=C(SN=N1)C(=O)N/N=C/C2=C(C3=CC=CC=C3C=C2)O,0.032,C(=N/[NH2:1])\c1cc[cH:1][cH:1][cH:1]1,0.048
CCN(CC)C1=CC(=C(C=C1)/C=N/NC(=O)C2=CC3=C(C=C2)N=CN3)O,0.017,,
COC1=C(C=C(C=C1)/C(=N/OC(=O)CSC2=CC=CC=C2)/N)OC,0.003,,
CC1CCC2=C(N1S(=O)(=O)C3=CC=C(C=C3)F)C=CC(=C2)F,0.015,,
CC1=CC=C(C=C1)N=C2C(=S)N(C(=N)N2/N=C/C3=CC=C(C=C3)Cl)C4=CC=C(C=C4)C,0.053,N=C1N([NH2:1])C(=[NH:1])C(=S)[NH:1]1,0.137
CCN1CNC(=S)N(C1)C2=CC=C(C=C2)C(=O)OCC,0.005,,
C1=CC=C(C(=C1)C(C2=CC(=C3C=CC=NC3=C2O)Cl)NC4=CC=CC=N4)OCC(=O)O,0.021,,
C1=CSC(=C1)C(=O)OC2=CC3=C(C=C2)C=CC(=O)O3,0.026,,
C1=CC=C(C=C1)C(CC(=O)C2=CC=CC=C2)NC3=CC=C(C=C3)F.Cl,0.012,,
CC1=CC=CC=C1OCC2=NC3=CC=CC=C3C(=O)N2/N=C/C4=C(C(=CC(=C4)C)[N+](=O)[O-])O,0.042,O=c1n(N=[CH2:1])[cH:1]n[cH:1][cH:1]1,0.031
COC(=O)C1=C(SC(=S)S1)C(=O)OC,0.007,,
CC1=CC=C(C=C1)C2=NN(C=C2NC(=O)CCl)C3=CC=CC=C3,0.020,,
CC1=CC(=C(C=C1Br)Br)OCC(=O)N/N=C(\C)/CC(=O)NC2=CC=C(C=C2)NC(=O)C,0.012,,
CC1(C\2(CCC1(C/C2=N\O)C(=O)[O-])C)C.[Na+],0.017,,
CN(CC(=O)NN1C=NN=C1)S(=O)(=O)C2=CC=C(C=C2)Br,0.015,,
CCN(CC)C1=CC(=C(C=C1)/C=N/NC2=NC3=CC=CC=C3N2)O,0.031,C(=N/[NH2:1])\c1cc[cH:1]c[cH:1]1,0.048
C1=CC=C(C=C1)C(C2=CC=CC=C2)C(=O)NC(=S)NC3=CC=CC(=C3)C(=O)O,0.025,,
CC(C)CC(=O)NC(C1=CC=CC=C1Cl)C2=C(C=CC3=CC=CC=C32)O,0.020,,
CC1(C(=O)N(C(=O)N1)CC(=O)NCC2=CC=CO2)C3=CC4=C(C=C3)C=C(C=C4)OC,0.005,,
CC1=CC=C(C=C1)SC(C)C(=O)NC2=C(N(N(C2=O)C3=CC=CC=C3)C)C,0.005,,
CCCNC(=O)C1=CC2=C(C=C1)C(=O)C(=C(N2)C3=CC=C(C=C3)F)O,0.012,,
CCOC(=O)N1CCN(CC1)S(=O)(=O)C2=CC=C(C=C2)C(=O)NNC3=NC4=CC(=CC(=C4S3)C)C,0.139,n1c(NN[CH2:1][CH3:1])s[cH:1][cH:1]1,0.045
CC(C)CN1CN(CNC1=S)CC2=CC=CC=C2,0.005,,
CCCCCC(=O)NC(=S)NC1=CC=C(C=C1)N2CCOCC2,0.010,,
CC1=C(C(=O)N(N1)C2=CC=CC=C2)/C=N\NC(=O)C3COC4=CC=CC=C4O3,0.033,Cc1[nH][n:1][cH:1]c1/C=N\[NH2:1],0.047
C1=CC=C(C=C1)C2=CSC(=N2)NC(=O)C3=C(C(=CC=C3)[N+](=O)[O-])C(=O)O,0.038,O=[N+]([O-])c1ccc[cH:1][cH:1]1,0.034
CC1=NC2=C(C=C1)C=CC(=C2O)C(C3=CC=CC=C3)NC4=CC=CC=N4,0.034,,
CC(=O)NC1C2=C(C=CC(=C2)F)N(C1=O)CCN3CCOCC3.Cl,0.011,,
CCOC(=O)C1=C(N(C2=C1C(=C(C=C2)O)C(=O)O)S(=O)(=O)C3=CC=C(C=C3)C)C,0.013,,
CC1=C(C=CC(=C1)Cl)NC(=S)NC2=CC=CC=N2,0.013,,
CCC1=NC(=C2C3=C(CC(CC3)C)SC2=N1)N4CCN(CC4)C(=O)CCl,0.020,,
CCC1CCCCN1S(=O)(=O)C2=CC=C(C=C2)C(=O)NC3=NN=C(O3)C4=CC=CS4,0.020,,
CCC(C1=CC=CC=C1)C(=O)NC2=CC=CC(=C2)C(F)(F)F,0.008,,
CCC1=CC2=C(C=C1)N(C(=O)C2NC(=O)C)CCN3CCOCC3.Cl,0.018,,
CC1=CC(=NN1CC(=O)N2CCCC3=CC=CC=C32)[N+](=O)[O-],0.006,,
CN(C)NC(=S)NC1=CC=C(C=C1)Cl,0.033,S=C(Nc1cc[cH:1]cc1)N[NH2:1],0.047
CC(=C1C2CCC1C3C2C(=O)N(C3=O)NC(=O)C4=CC=CO4)C,0.040,C12C([CH2:1]N([NH2:1])[CH2:1]1)[CH2:1][CH2:1][CH2:1]2,0.041
C1=CC2=C(C=CC=N2)C(=C1)NC(=O)CCl,0.069,O=C(CCl)Nc1ccc[cH:1][cH:1]1,0.126
C1CCC(CC1)C2=CC=C(C=C2)S(=O)(=O)NC3=CC=CC(=C3)C(=O)O,0.006,,
CC1=NC2=C(C=C1)C=CC(=C2O)C(C3=CN=CC=C3)NC4=CC=CC(=C4)C(F)(F)F,0.031,F[CH:1](F)c1ccc[cH:1]c1,0.081
COC1=CC=CC(=C1)C2=CC3=C(C=C2)N=CN=C3NCC4=CC=CS4,0.006,,
CCC1=NN=C(S1)NS(=O)(=O)C2=CC=C(C=C2)NC(=O)/C=C/C3=CC=C(C=C3)F,0.030,,
CCN(CC)C1=CC2=C(C=C1)NCCC2.Cl,0.021,,
CC1=C(C(CCC1)(C)C)CC/C(=N/NC(=S)N)/C,0.057,C/C(CC[CH3:1])=N\N[CH:1]=S,0.085
CC1=CC(=CC=C1)C(=O)NC2=NN=C(S2)CC3=CNC4=CC=CC=C43,0.021,,
C1=CC=C(C=C1)NC(=O)NN(C2=CC=CC=C2)C(=O)CCl,0.045,O=C(CCl)N(N[CH:1]=O)[CH3:1],0.148
CCN1C(=NN=C1SCC(=O)NC2CCCCC2)C3=CC=CC=N3,0.002,,
CC1=CC(=CC=C1)OCC(=O)NC2=CC=C(C=C2)S(=O)(=O)N3CCN(CC3)C,0.012,,
CC(C)C(=O)NC(C1=CC(=CC=C1)[N+](=O)[O-])C2=C(C3=C(C=CC=N3)C=C2)O,0.017,,
CC(C1=NN=C(N1C)SCCOC2=CC=C(C=C2)OC)NC(=O)CC3=CC=C(C=C3)OC,0.002,,
CC1=C(C(=CC=C1)C)NC(=O)CN2C(=O)C(=C(N(C2=O)C)N)N3CCCCC3,0.009,,
CCCNC(=O)C1=CC=C(C=C1)CN2C(=O)C3=C(C4=C(N3)C=CC(=C4)OC)NC2=S,0.005,,
C1COCCN1C2=NC(=CS2)CC(=O)N/N=C/C3=C(C(=C(C=C3)O)O)O,0.041,C(=N/[NH2:1])\c1cc[cH:1][cH:1][cH:1]1,0.048
CC1C(=O)NC2=C(S1)C=CC(=C2)S(=O)(=O)CCC(=O)N3CCN(CC3)C4=C(C=CC(=C4)C)C,0.009,,
CC(C)OC1=CC=C(C=C1)/C=N/NC(=O)C2=C(N(N=N2)C3=NON=C3N)CN(C)C4=CC=CC=C4,0.020,,
C1=CC=C(C(=C1)/C=C/C(=O)C2=C(C=CC(=C2)Br)OC(=O)C3=CC=CO3)F,0.028,,
COC1=CC=C(C=C1)CN2C(=C(C(=O)NC2=O)/C=N/NC(=O)C3=CC=CC=C3)O,0.019,,
C1=CC=C(C(=C1)/C=N/NC(=O)C2=CC(=NC3=CC=CC=C32)C4=CC=NC=C4)OC(F)F,0.056,C(=N/[NH2:1])\c1cccc[cH:1]1,0.048
COC1=CC=CC=C1/C=C/C(=O)C2=C(C=CC(=C2)Br)OC(=O)C3=CC=CO3,0.011,,
CC(C(C)(C)C)NC(=S)NC1=CC=CC=C1OC(F)F,0.015,,
C1=CC=C(C=C1)CN(CC2=CC=C(C=C2)C(=O)O)S(=O)(=O)C3=CC=C(C=C3)Cl,0.026,,
CC(C)(C)C1=CC=C(C=C1)C(=O)NC2=CC=C(C=C2)S(=O)(=O)NC3=NC4=CC=CC=C4N=C3,0.029,,
COCCNC(=O)C(C1=CC=CC=C1)N(CC2=CC=CS2)C(=O)CN3C4=CC=CC=C4N=N3,0.013,,
C1COC2=C(O1)C=CC(=C2)NC(=O)C3=C(OC=N3)C4=CC=CC=C4,0.006,,
C1=CC=C2C(=C1)C=CC=C2C(=O)N/N=C/C3=C(C4=CC=CC=C4S3)O,0.038,Oc1c(/C=N/[NH2:1])s[cH:1][cH:1]1,0.045
CC1=CC(=CC(=C1O)/C=N/NC(=O)C2=NNC(=C2)C)[N+](=O)[O-],0.056,O=C(N[NH2:1])c1c[cH:1][nH]n1,0.067
CC1=C(C(=NO1)C)S(=O)(=O)N(CC(=O)NC2=C(C=CC(=C2)Cl)OC)C3=CC=C(C=C3)OC,0.016,,
CCCCC(=O)NNC(=S)NC(=O)CCC,0.015,,
COC1=C(C=C2C(=C1)C(=O)OC(=N2)CN3C(=O)C4=CC=CC=C4C3=O)OC,0.007,,
C/C(=N\NC(=O)C1=CC(=NC2=CC=CC=C21)C3=CN=CC=C3)/C4=CC=CC=C4O,0.051,c1cc[cH:1]c(/[CH:1]=N/[NH2:1])c1,0.048
C1=CC=C2C(=C1)C(=NS2(=O)=O)N/N=C/C3=CC=CC=N3,0.024,,
CC1=CC(=NN1)C(=O)N/N=C/C2=C(C=CC(=C2)N=NC3=CC=CC=C3)O,0.034,O=C(N[NH2:1])c1c[cH:1][nH]n1,0.067
CC1=C(C(=O)N(N1)C2=CC=CC=C2)/C=N/NC(=O)C3=C(OC=C3)C,0.038,Cc1[nH][n:1][cH:1]c1/C=N/[NH2:1],0.047
CCOC(=O)C1=C(N(C(=S)S1)C)NC(=O)C2=CC=CC=C2Cl,0.005,,
CC1=CC(=C(C(=C1)Br)NC(=O)CON2C3=C(C=CC(=C3)S(=O)(=O)C)N=N2)Br,0.013,,
CC(C)OC1=CC=C(C=C1)CN2C(=NNC2=S)C3=CC=CO3,0.005,,
C/C(=N\NC(=S)N)/CC(=O)NC1=CC=C(C=C1)NC(=O)C,0.014,,
CCCN1N=C(N=N1)NC(=O)COC2=CC=C(C=C2)C3CCCCC3,0.003,,
CC(=O)NC(C1=CC(=CC=C1)[N+](=O)[O-])C2=C(C3=C(C=CC=N3)C=C2)O,0.016,,
CC(C1COC2=CC=CC=C2O1)NC(=S)NC3=CC=CC=C3,0.010,,
CCOC1=CC=C(C=C1)C(=O)CC(=O)C(=O)NCCC2=CC(=C(C=C2)OC)OC,0.009,,
CC1=CC=C(C=C1)N2C(=NN=C2SCC(=O)NC3=CC4=C(C=C3)OCO4)CC5=CC=CN5C,0.007,,
CC1=CC(=C(C=C1)C)NC(=S)NNC(=O)C2=CSC(=C2)C(C)C,0.024,,
CCCCOC1=CC=C(C=C1)C(=O)NCC(=O)NC2CC2,0.003,,
CCCCC(=O)NC(C1=CC=C(C=C1)N(CC)CC)C2=C(C3=C(C=CC=N3)C=C2)O,0.013,,
C1=CC=C(C=C1)CC2=NN=C(S2)NC(=O)NC3=CC=CC=C3F,0.007,,
CC1=CC(=C(N1)C)/C=C(\C#N)/C(=O)NC2CCCCCC2,0.022,,
C1=CC=C2C=C(C=CC2=C1)/C=N/NC(=S)N,0.073,C(=N/[NH2:1])\c1cc[cH:1][cH:1]c1,0.048
C/C(=N\NC(=O)CC1=CSC(=N1)N)/CC(=O)NC2=CC=C(C=C2)N(C)C,0.011,,
CC1=C(C=C(C=C1)[N+](=O)[O-])S(=O)(=O)NC2=CC=CC(=C2)C3=NN=C(C=C3)N4CCCC4,0.016,,
CC1=CC(=C2C(=C1)SC(=N2)NNC(=O)C3=CC=C(C=C3)S(=O)(=O)N4CCC5=CC=CC=C5C4)C,0.321,n1c(NN[CH2:1][CH3:1])s[cH:1][cH:1]1,0.045
COC1=CC=C(C=C1)N(CN2C(=O)C3=CC=CC=C3C2=O)C(=O)COC4=C(C=C(C=C4)Cl)Cl,0.017,,
CC1=CC=C(C=C1)OCC(=O)NC2=CC=C(C=C2)S(=O)(=O)NC3=CC(=NC(=N3)OC)OC,0.020,,
CC(=O)NC1=CC=C(C=C1)S(=O)(=O)N(CCC2=CC=CC=C2)CC(=O)N/N=C/C3=CC(=C(C=C3)OC)OC,0.026,,
CC1=NN=C(S1)SC(=O)N2C3=CC=CC=C3SC4=CC=CC=C42,0.010,,
CC1=NC2=CC=CC3=C2C(=CC=C3)N1C,0.008,,
CCCCNC(=O)N1CCC2=CC=CC=C2C1,0.003,,
CC1=C(C=C(C=C1)S(=O)(=O)NC2=CC(=NN2C)C3=CC=CC=C3)Cl,0.017,,
CC[N+]1=C(SC2=CC=CC=C21)/C=C(/C)\SC.COS(=O)(=O)[O-],0.009,,
CC1=CC(=C(C=C1)OCC(=O)N/N=C\C2=C(NN(C2=O)C3=CC=CC=C3)C)[N+](=O)[O-],0.023,,
C1=CC=C(C=C1)C(=O)C2=CC=CC=C2NC(=O)CCl,0.070,O=C(CCl)Nc1cccc[cH:1]1,0.126
CC1CCCC(N1NC(=S)NC2=CC=C(C=C2)OC)C,0.021,,
C1=CC=C(C=C1)NC(=O)CSC2=NN=C(S2)C3=CN=CC=C3,0.003,,
CCC1=NN=C(O1)NC(=O)C2=CC=C(C=C2)S(=O)(=O)N3CCCC4=CC=CC=C43,0.033,c1cc([S:1][NH2:1])ccc1[CH3:1],0.036
CCN(CC)C1=CC=C(C=C1)C(=O)N/N=C/C2=CC=CC=C2OC(F)F,0.022,,
C/C(=N\NC(=S)N)/CC1CC2=C(CC1(C)C)C(CCC2)(C)C,0.075,C/C(C[CH3:1])=N\NC(N)=S,0.100
CC1=CC=C(C=C1)N2C(=CC(=C2C)/C=N/NC(=S)N)C,0.031,Cc1c(/C=N/[NH2:1])c[cH:1][nH:1]1,0.048
C1COC2=C(O1)C=CC(=C2)/C=N/NC(=S)N,0.048,C(=N/[NH2:1])\c1cc[cH:1][cH:1]c1,0.048
CC1=CC(=C(C=C1)C(C)C)OCC2=CC=C(C=C2)C(=O)N/N=C/C3=C(C=C(C=C3)O)O,0.045,C(=N/[NH2:1])\c1cc[cH:1]c[cH:1]1,0.048
CC1(CC(=NO1)C2=CC=C(C=C2)OC(F)(F)F)C3=NN=C(O3)CC4=CC=CC=C4,0.015,,
CC1=CC(=C(N1C2=CC=C(C=C2)Cl)C)/C=N/NC(=S)N,0.027,,
CCOC(=O)[C@H]1[C@H]2COC3=C([C@@H]2N4[C@]1(C(=O)N(CC4=O)CC5=CC=CC=C5)C)C=C(C=C3)Cl,0.019,,
CSC1=NC(=O)N(C=C1)CCC(=O)O,0.003,,
COC1=C(C=CC(=C1)/C=N/NC(=O)C2=NC=CN=C2)O,0.020,,
C1CN(CCN1CCC(=O)N/N=C/C2=C(C=C(C=C2)O)O)C(C3=CC=CC=C3)C4=CC=CC=C4,0.028,,
CC1=C(C(NC(=S)N1)/C=C/C2=CC=CC=C2)C(=O)OCC3=CC=CC=C3,0.009,,
CN1C2=CC=CC=C2N=C1NC(=S)NC3=CC=CC=C3,0.004,,
COC1=CC(=C(C=C1C2=NC3=C(C=C(C=C3)Br)C(N2CC(=O)NN)C4=CC=CC=C4)OC)OC,0.009,,
CCN1C2=C(C=C3C=C(C=CC3=N2)C)C(=N1)NS(=O)(=O)C4=CC=CC=C4,0.018,,
CC1=C(C=C(C=C1)NC(=S)/N=C(\N)/NC2=NC3=CC=CC=C3C(=N2)C)C,0.017,,
C/C(=N\NC(=S)N)/C=C/C1=CC=CC=C1,0.110,CC(/C=C/[CH3:1])=N\N[CH:1]=S,0.137
C1COCCN1CC2=CC(=C3C=CC=NC3=C2OC(=O)C4=CC=CC=C4F)Cl,0.007,,
CN1C=NC2=C1C=CC(=C2)NC(=O)C3=CC=C(C=C3)Cl,0.004,,
COC1=C(C=C(C=C1)C(=O)NC(=S)NNC(=O)C2=NC=CN=C2)OC,0.040,S=C(NN[CH2:1][CH3:1])N[CH2:1][CH3:1],0.043
CCN(CC)C1=CC(=C(C=C1)/C=N/NC(=O)C2=C(N(N=N2)C3=NON=C3N)C(C)C)O,0.033,O=C(N[NH2:1])c1nn[nH:1][cH:1]1,0.094
CC(C)(C)C1=NN=C(N(C1=O)N)N/N=C/C2=CC=CC=C2O,0.020,,
CCC(C)C1=CC=C(C=C1)N(C(C2=CN=CC=C2)C(=O)NC3CCCC3)C(=O)C4=CC=CO4,0.009,,
C1=CC=C2C(=C1)C(=O)N(C(N2)C3=C(C=C(C=C3)Cl)Cl)O,0.031,Clc1ccc([CH3:1])c(Cl)c1,0.033
CCN(CC)C(=O)CN1C=C(C2=CC=CC=C21)/C=C/3\C(=O)NC(=O)N(C3=O)C4=CC=CC=C4F,0.014,,
COC1=CC=C(C=C1)CNC(=S)NC2CCCC2,0.003,,
CC(=O)N1C=C(C2=CC=CC=C21)N(C3=CC=C(C=C3)Cl)C(=O)CCl,0.055,O=C(CCl)[NH:1]c1cn([CH3:1])[cH:1][cH:1]1,0.129
CC1=C(C(=O)C2=C(O1)C=C(C=C2)OCC3=CN(N=C3)C4=CC=CC=C4)OC5=CC=CC=C5F,0.022,,
CCCCNC(=S)NC(=O)C1=CC=CC=C1Br,0.007,,
C1=CN=C(N=C1)NS(=O)(=O)C2=CC=C(C=C2)NC(=O)C(F)(F)F,0.020,,
CC1=CC(=C(C(=C1C)S(=O)(=O)N2CCN(CC2)C(=O)C3=CC(=O)NC4=CC=CC=C43)C)C,0.044,,
COC1=CC2=C(C=C1)N(C(=O)C2=O)CC3COC4=CC=CC=C4O3,0.034,O=C1C(=O)[CH:1]=[CH:1]N1C[CH3:1],0.040
CCOC(=O)NC1=CC=C(C=C1)S(=O)(=O)NN2C=NN=C2,0.007,,
C1=CC=C2C(=C1)C(=O)N(C(N2)C3=C(NN=C3)C4=CC=C(C=C4)Cl)O,0.045,O=C1N(O)C(c2cn[nH][cH:1]2)N[CH:1]=[CH:1]1,0.035
C1CN(CCN1CC(=O)NC2=CC=CC=C2N3C=CC=C3)C4=NC=CC=N4.Cl,0.007,,
CC1=CC=C(C=C1)CN2C(=O)CSC3=C2C=C(C=C3)C(=O)NCCN4CCOCC4,0.008,,
COC(=O)C1=C(C=CC(=C1)NC(=O)CC2=CC=CC=C2[N+](=O)[O-])Cl,0.007,,
CC1=C(C(=O)C=CN1CC2=CC=CC=C2)O,0.004,,
CC1=C(C=C(C=C1)OCC(=O)NC2=C(C=C(C=C2)C(=O)O)NC(=O)COC3=CC(=C(C=C3)C)C)C,0.029,,
CC1=CC=C(N1)C(=O)OC2C(C(OC(C2OC)(C)C)OC3=C(C4=C(C=C3)C(=C(C(=O)O4)NC(=O)C5=CC(=C(C=C5)O)CC=C(C)C)O)Cl)O,0.032,,
CC1=CC=C(O1)C(=O)C2=C(C(=O)N(C2C3=CC=C(C=C3)OC(C)C)CC4=CN=CC=C4)O,0.027,,
CC1=CC(=NN1CC2=CC=C(C=C2)C(=O)N/N=C/C3=C(C=C(C=C3)O)O)[N+](=O)[O-],0.027,,
CC(C1=CC(=C(C=C1)OC)OC)NC(=O)C2=CC=CC=C2Cl,0.005,,
CC1=C(SC2=NC=NC(=C12)N/N=C/C3=CC=CC=C3O)C,0.024,,
CC1=C(C=C(C=C1)C(=O)N2C(=CC(=N2)C)C)Br,0.007,,
COC1=CC(=CC(=C1O)/C=N/NC(=O)CC#N)[N+](=O)[O-],0.011,,
CC[C@@]1([C@@H]2[C@H]([C@@H]3N1C(=NC)N(C3)CC)C(=O)N(C2=O)C)C(=O)OC.C(=O)(C(F)(F)F)O,0.012,,
C1CN(CCC1CC2=CC=CC=C2)CC3=C4C=CC=NC4=C(C=C3)O,0.005,,
COC1=CC=CC=C1NC(C2=CN=CC=C2)C3=C(C4=C(C=CC=N4)C=C3)O,0.012,,
CC1=NC(=CC=C1)N2C(=C(C3=CC=CC=C3C2=O)/C=N/NC(=O)C4=CC=CC=C4Cl)O,0.041,c1cc[cH:1]c([CH2:1]N[NH2:1])c1,0.031
CN(CC1CCCO1)S(=O)(=O)C2=CC=C(C=C2)C(=O)NC3=CC=C(C=C3)S(=O)(=O)N,0.008,,
CC1=NN=C(C(=O)N1/N=C/C2=C(C=CC3=CC=CC=C32)O)C4=CC=CC=C4,0.025,,
COC(=O)C1=CC=CC=C1NC(=O)C2=CC3=C(C=C2)OCCCO3,0.005,,
COC1=CC(=C(C=C1/C=C\2/C(=O)C3=C(O2)C=C(C=C3)OCC(=O)N4CC5=CC=CC=C5C[C@H]4C(=O)O)OC)OC,0.013,,
CCC1=NN=C(O1)NC(=O)C2=CC=C(C=C2)S(=O)(=O)N(CC(C)C)CC(C)C,0.015,,
CCN(C1=CC=C(C=C1)OC)S(=O)(=O)C2=NN=C(S2)NC(=O)COC3=CC=C(C=C3)C,0.019,,
CC1=CC=C(C=C1)C(=O)OC2=CC3=C(C=C2)N(C=N3)C,0.006,,
C1CCC(CC1)(C2=CC3=CC=CC=C3C(=O)O2)OC(=O)C4=CC=CO4,0.009,,
CCCN1CN(CNC1=S)CC2=CC=CC=C2,0.009,,
CCOC(=O)C1CCN(CC1)C(=O)C2=CC3=C(C=C2)S/C(=C/C4=CC=CC(=C4)C)/C(=O)N3,0.009,,
C1CCN(C1)C2=C(C(=O)OC2)C(=O)NS(=O)(=O)N3CCOCC3,0.003,,
CCOC(=O)N1CCN(CC1)C(C2=CN=CC=C2)C3=C(C4=C(C=CC=N4)C=C3)O,0.008,,
C1=CC=C(C=C1)C(=O)N/C(=C\C2=CN=CC=C2)/C(=O)NCCC3=CC=C(C=C3)Cl,0.007,,
C1=CC=C(C=C1)N2C=C(NC2=S)C3=CC=CS3,0.006,,
CC(C)[C@@H](C(=O)OCC(=O)NC1=CC(=CC=C1)F)NC(=O)C2=CC(=CC(=C2)OC)OC,0.004,,
C1=CC=C2C(=C1)C(=CC=C2Cl)OC3=C(C=C(C=C3)C(=O)N)[N+](=O)[O-],0.033,O=[N+]([O-])c1c[cH:1]cc[cH:1]1,0.034
COC1=CC(=C(C=C1)/C=N/NC(=O)C2=NN(C(=N2)C3=CC=CC=C3)C4=CC=CC=C4)O,0.062,O=C(N[NH2:1])c1n[cH:1][nH:1]n1,0.088
CCC1C(=O)N(C(=O)C(S1)CC)CC(=O)NC2=CC=C(C=C2)C(=O)OCC,0.008,,
CC1CCC2=C(C1)SC(=C2C(=O)OC)NS(=O)(=O)C3=CC=C(C=C3)C,0.003,,
C1=CC=C(C=C1)C(=O)N/C(=C/C2=CC=CS2)/C(=O)N/N=C/C3=C(C(=CC(=C3)[N+](=O)[O-])[N+](=O)[O-])O,0.034,C(=N/[NH2:1])\c1c[cH:1]c[cH:1][cH:1]1,0.048
CN(C)C1=CC=CC(=C1)C(=O)N/N=C/C2=CSC=C2,0.014,,
CC(C)OC1=CC=C(C=C1)/C=N/NC(=S)N,0.096,C(=N/[NH2:1])\c1cc[cH:1]cc1,0.048
CC1CCCCC1NC(=O)NC(=O)CCl.Cl,0.058,Cl.O=C(CCl)NC(=O)[NH2:1],0.096
C1OC2=C(O1)C=C(C=C2)C(=O)NC3=CC=C(C=C3)NC(=O)C4=CC=CO4,0.008,,
CN1C2=NC(=O)N(C(=O)C2=NC(=N1)C3=CC=C(C=C3)Cl)C,0.016,,
CC1=C(C(=CC=C1)NC(=S)NN2CCOCC2)C,0.034,Cc1cccc(N[CH:1]=S)[cH:1]1,0.031
C1=CC2=C(N([N+](=C2C=C1)[O-])CCC(=O)N)C(=O)C3=CC=C(C=C3)Cl,0.056,,
C1=CC(=CN=C1)CNC(=O)/C=C/C2=CC(=C(C=C2)Cl)[N+](=O)[O-],0.014,,
CC1=NC(=C(N1CC2=CC=CC=C2)SC3=NC4=C(N3)C=C(C=C4)[N+](=O)[O-])[N+](=O)[O-],0.013,,
CCC(C)C(=O)NC1=NC=CS1,0.005,,
C1=CC=C(C=C1)/C=C/C=N/NC(=S)N,0.112,NC(=S)N/N=C/C=C/[CH3:1],0.137
C1CN(CC2=C1NC3=C2C=C(C=C3)Br)C(=O)CN4CCSCC4,0.002,,
COC1=CC=C(C=C1)C(=O)OC2=NN(C(=O)C=C2)C3=CC=CC=C3,0.007,,
CC(C1=CC(=C(C=C1)Cl)Cl)NC(=O)CCl,0.058,O=C(CCl)N[CH2:1]c1cc[cH:1][cH:1]c1,0.090
COC(=O)C1=C2C(=NC\3=C(N2)C(=O)C=C(/C3=C\O)O)C(=O)C=C1,0.016,,
C1=CC=C2C(=C1)C(=C(N2CC(=O)O)C(=O)O)C=O,0.009,,
CC(C)(C)C1=NN(C(=C1)C(=O)N/N=C/C2=CC=CC=C2O)C3=CC=CC=C3,0.012,,
CC1=C(N=C(S1)/N=C/2\C=C(OC3=CC=CC=C32)C4=CC(=C(C=C4)OC)O)C5=CC=CC=C5,0.010,,
C1COCCN1C2=NC=NC(=C2)N/N=C/C3=CC(=CC=C3)F,0.010,,
COC(=O)[C@@H](CC1=CNC2=CC=CC=C21)NC(=O)C3=CC(=O)NC4=CC=CC=C43,0.010,,
C1=CC=C(C(=C1)/C=C/C=N/N2C(=NNC2=S)C3=CC=CO3)[N+](=O)[O-],0.026,,
CCCC(=O)NC(C1=CC=C(C=C1)N(C)C)C2=C(C3=C(C=CC=N3)C=C2)O,0.011,,
C1=CC(=CC=C1C[C@H](C(=O)O)NS(=O)(=O)C2=CC=C(C=C2)C(=O)O)[N+](=O)[O-],0.007,,
CC1=CC(=CC=C1)NC(=S)NC2CCCC2,0.014,,
COC1=CC=CC(=C1O)/C=N/NC(=O)C(=O)N/N=C/C2=C(C(=CC=C2)OC)O,0.042,O=C(NN=[CH2:1])C(=O)N[NH2:1],0.099
C1COCCN1S(=O)(=O)C2=CC=CC(=C2)C(=O)NNC(=O)C3=C(C=CC(=C3)Cl)O,0.046,c1c[cH:1]c([CH2:1]N[NH2:1])c[cH:1]1,0.031
C1C2C=CC1C3C2C(=O)N(C3=O)/N=C/C4=CC=C(O4)C5=CC=CC=C5[N+](=O)[O-],0.022,,
CC1=CC(=CC=C1)C(=O)NC2=NN=C(S2)S(=O)(=O)NC3=CC=CC(=C3)C,0.030,,
C1=CC=NC(=C1)/C=N/NC(=S)NC2=CC=CC(=C2)C(=O)O,0.045,C(=N/[NH2:1])\c1ccccn1,0.044
CCCCC1=CC=C(C=C1)NC(=S)NN2CCOCC2,0.028,,
CC1=CC(=C(O1)C)C(=O)NNC(=O)C2=CC=C(C=C2)S(=O)(=O)N(C)C,0.013,,
COC1=C(C=C(C=C1)C2CC(=NN2C(=O)CCl)C3=CC=CS3)OC,0.017,,
COC1=CC=C(C=C1)C(CCN(CC2=CC(=C(C=C2)OC)OC)C(=O)CCl)C3=CC=CC=C3,0.028,,
CCOC(=O)C(CC1=CC=CC=C1)C(=O)NC2=CC=CC(=C2)C,0.007,,
COC(=O)C1=C(SC(=C1)C2=CC=CC=C2)N,0.007,,
C1=CC(=CC=C1C(F)(F)F)NCC2=C(SN=N2)Cl,0.013,,
CC1=CC2=C(C=C1)N(C(=O)C2NC(=O)C)CCN3CCOCC3,0.007,,
CCOC(=O)C(C)/C(=N/NC(=S)N)/C,0.017,,
CC(C)C1=CC=C(C=C1)NC(=O)CSC2=NC3=C(C(=O)N2CC4=CC=C(C=C4)C(=O)O)SC=C3,0.012,,
CCN(CC)S(=O)(=O)C1=CC=CC(=C1)C(=O)N/N=C/C2=C(C(=C(C=C2)O)O)O,0.060,C(=N/[NH2:1])\c1cc[cH:1][cH:1][cH:1]1,0.048
C1=CC=C(C(=C1)NC2=NC(=CS2)C3=CN=CC=C3)Cl,0.007,,
CCCC1=CC(=CS1)C2=NNC(=S)N2C(C)C3=CC=CC=C3,0.004,,
CCC(=O)NC(C1=C(C2=C(C=CC=N2)C=C1)O)C3=CC=CC=C3OC,0.011,,
C1=CC=C(C(=C1)NC(=O)C(=O)N/N=C/C2=C(C=CC(=C2)Cl)O)OC(C(F)F)(F)F,0.083,C(=N/[NH2:1])\c1c[cH:1]cc[cH:1]1,0.048
C1CN(CCN1C2=CC=CC=C2)C(=O)C3=CC(=O)NC4=CC=CC=C43,0.020,,
CC1=CC(=C(C=C1)NC(=S)NC(C(Cl)(Cl)Cl)NC(=O)C2=CC=CC=C2C)C,0.043,O=[CH:1]NC(N[CH:1]=S)[CH2:1]Cl,0.101
COC1=CC(=CC(=C1OC)OC)NC(=O)C2CC(=NO2)C3=CC(=CC=C3)Br,0.003,,
CCN(C1=CC=CC=C1)S(=O)(=O)C2=NN=C(S2)NC(=O)C3=CC=CC=C3OC,0.014,,
CC(=O)OC1=CC=CC2=CC(=C(C(=C2C1=O)OC(=O)C)OC(=O)C)OC(=O)C,0.032,O=c1c([OH:1])cccc2c[cH:1]c([OH:1])c([OH:1])c12,0.042
CC1CC2=CC=CC=C2N1C3=NC(=NC4=C3N=NN4CC5=CC=CC=C5)C6CC6,0.005,,
CC1(CC2=C(CO1)C(=NC(=C2C#N)SC(=O)OC)N3CCOCC3)C,0.007,,
C1=CC=C(C=C1)C(C2=CC=CC=C2)NC(=O)COC(=O)CCC3=CNC4=CC=CC=C43,0.016,,
C1=CC=C(C=C1)/C=C/CN2C3=CC=CC=C3C(=O)C2=O,0.062,O=C1C(=O)[CH:1]=[CH:1]N1C[CH3:1],0.040
COC1=CC(=CC(=C1OC)OC)/C=N\NC(=O)CN2C3=CC=CC=C3N=N2,0.005,,
CN1C2=CC=CC=C2N=C1CN3CCN(CC3)C4=CC=C(C=C4)Cl,0.007,,
CC(C)CCNC(=S)NC1=CC=CC=C1F,0.004,,
CCC1=CC=C(C=C1)NC(=O)CN(C2=CC=C(C=C2)OCC)S(=O)(=O)C3=C(NC(=O)NC3=O)C,0.039,O=c1[nH]c(=O)c([S:1][NH:1]C[CH2:1]Nc2ccc([CH3:1])cc2)[cH:1][nH]1,0.032
CN(C)S(=O)(=O)C1=CC=C(C=C1)C(=O)N2CCN=C2SCC3=CN=CC=C3,0.005,,
CCOC1=C(C=CC(=C1)CNCCC2=CC=CC=C2)OCC(=O)NC(C)(C)C.Cl,0.009,,
COC1=CC=C(C=C1)/C=C(\C#N)/C2=CNC3=CC=CC=C32,0.004,,
C1=CC=C(C(=C1)C(=O)NCCC(=O)NC2=CC(=C(C=C2)Cl)C(F)(F)F)Cl,0.016,,
C1=CC=C(C=C1)COC(=O)C2=CC3=C(C=C2)C(=O)C4=CC=CC=C43,0.016,,
CCN(CC)S(=O)(=O)C1=CN=C(C=C1)N/N=C/C2=C(C=C(C=C2)O)O,0.035,C(=N/[NH2:1])\c1cc[cH:1]c[cH:1]1,0.048
CC1=C(C2=C(N1C3=CC=CC=C3OC)C4=CC=CC=C4C(=C2)OC)C(=O)O,0.015,,
CC1=CC(=CC=C1)OC2=CC=CC=C2NS(=O)(=O)C3=CC=C(C=C3)CCC(=O)O,0.010,,
CCN1C2=C(C=C(C=C2)C)C(=O)C1=O,0.046,CCN1C(=O)C(=O)[CH:1]=[CH:1]1,0.040
C1=CC=C(C=C1)CCN(CCC2=CC=CC=C2)C(=O)CCl,0.037,O=C(CCl)N(C[CH3:1])C[CH3:1],0.129
C1=CC(=CC=C1F)SCC(=O)NC2=CC3=C(C=C2)C(=O)NC3=O,0.009,,
C1CN(CCN1C/C=C/C2=CC=CC=C2)C3CC(=O)N(C3=O)CC4=CC=CS4,0.005,,
CC1=CC=C(C=C1)C(=O)NC2=NC(=C(O2)C3=CC=CC=C3)C4=CC=CC=C4,0.012,,
C1=CC=C(C(=C1)C(C2=C(C(=O)C=C(O2)CO)O)NC3=CC=CC=N3)Cl,0.016,,
CC(C)(C)OC(=O)[C@H](CC1=CC=CC=C1)NC(=O)C2=C(N=CN2)C(=O)N[C@@H](CC3=CC=CC=C3)C(=O)OCC4=CC=CC=C4,0.035,,
CCNC1=NC(=NC(=N1)N/N=C/C2=CC(=C(C=C2)O)O)NCC,0.069,n1c(N[NH2:1])n[cH:1]nc1[NH2:1],0.066
COCC1=C(C=CC(=C1)C2C(=C(C(=O)N2CCOCCO)O)C(=O)C3=CC=CO3)O,0.013,,
CCC(=NNC(=O)C1=CC2=C(C=C1)N(C(=N2)C)CC)C3=C(C=CC(=C3)F)O,0.015,,
CC1=CC(=CC=C1)C2=NN([C@H]([C@@H]2C3=CC=CC=C3)C(=O)N4CCOC4=O)C5=CC=C(C=C5)Br,0.255,O=C1OCCN1C(=O)[CH3:1],0.038
COC1=CC=CC=C1N(CC(=O)N/N=C/C2=C(C=CC3=CC=CC=C32)O)S(=O)(=O)C,0.021,,
C1=CC=C2C(=C1)N(C(=O)/C(=C\C3=CC=C(C=C3)C(F)(F)F)/S2)CC(=O)NCC4=CC=CO4,0.023,,
COC(C1=CC=CC=C1)C(=O)NC2=CC=C(C=C2)F,0.003,,
COC1=CC=C(C2=CC=CC=C21)S(=O)(=O)NCCN3CCOCC3,0.002,,
CC1=CC=CC=C1C(=O)/C(=N/NC2=C(N(N(C2=O)C3=CC=CC=C3)C)C)/C#N,0.021,,
CC1=CC=CC=C1OCCOC(=O)C2=C(C=CC(=C2)S(=O)(=O)N3CCCCC3)N4CCOCC4,0.012,,
CC1CCN(CC1)C2=[N+](N(N=C2[N+](=O)[O-])C3=CC4=C(C=C3)OCCO4)[O-],0.019,,
CC1(C2CCC1(C(=O)N(C2=O)CSC(=S)N/N=C\C3=CC=C(C=C3)N(C)C)C)C,0.025,,
CCOC(=O)C1=C(C2=C(N1)C=CC(=C2)Cl)NC(=O)C3=NON=C3C,0.006,,
CC1=CC=C(C=C1)C(=O)NC(=C(Cl)Cl)S(=O)(=O)C2=CC=CC=C2,0.005,,
CC1=CC(=C(C=C1)O)/C=N/NC(=O)C2=NNC(C2)(C3=CC=CC=C3)C4=CC=CC=C4,0.075,C(=N/[NH2:1])\c1c[cH:1]cc[cH:1]1,0.048
C1CN2C(N2C1)C3=CC=C(C=C3)Br,0.019,,
CC1=CC(=CC=C1)N=C2NC(=O)/C(=C/C3=CN(C4=CC=CC=C43)C)/S2,0.008,,
CN1C2=C(C=C(C=C2)S(=O)(=O)N(C)CC(=O)NCC3=CC(=CC=C3)OC)C(=O)N(C1=O)C,0.014,,
COC1=C(C(=C(C=C1)NC(=O)CN2C3=C(C=C2C(=O)OC)SC=C3)OC)OC,0.004,,
C1=CC=C2C(=C1)C(=C(N2)C(=O)O)C(C3=C(C=CC(=C3)Br)OCC(=O)O)C4=C(NC5=CC=CC=C54)C(=O)O,0.033,,
CCC1=NC(=C(C2=C1CCCC2)C#N)Cl,0.011,,
CC(=O)NC1=CC=C(C=C1)N(C(C2=CC(=C(C=C2)O)O)C(=O)NC3CCCC3)C(=O)CN4C5=CC=CC=C5N=N4,0.031,,
CC1=C(C=C(C=C1)C(=O)N2C=NC3=CC=CC=C32)C,0.006,,
C1=CC(=CC=C1/C=N/NC(=S)N)N2C(=CN=N2)C3=CC=C(C=C3)Cl,0.018,,
C1CN(CCC1C2=NC3=C(C(=O)N2)N=NN3CC4=CC=C(C=C4)OC(F)(F)F)S(=O)(=O)C5=CC=CC=C5F,0.054,,
C1=CC2=C(C=C1C(=O)OCC(=O)NC3=C(C=C(C=N3)Cl)Cl)SC=N2,0.008,,
COC1=CC(=CC(=C1OC)OC)C2=NN=C(O2)SCC3=CC(=O)OC4=CC(=C(C=C34)O)O,0.013,,
CC(C)(C)C1=CC=C(C=C1)/C=N/NC(=S)NC2CCCCC2,0.027,,
CCOC1=CC=C(C=C1)N(CC2=CC3=C(C=C(C=C3)C)NC2=O)S(=O)(=O)C4=CC=CC=C4,0.026,,
CC1=NC=C(C=C1)C(=O)N/N=C/C2=C(C(=CC(=C2)[N+](=O)[O-])OC)O,0.012,,
CC(C)C1=CC=C(C=C1)N(C(C2=CN=CC=C2)C(=O)NC3CCCC3)C(=O)C4=CSN=N4,0.007,,
COC1=CC(=C(C=C1)OC)C(C2=NN=NN2CC3CCCO3)N4CCN(CC4)C5CCCC5.Cl,0.001,,
CCC(/C(=N\NC(=O)C1=CC=CC=C1O)/C)C(=O)OCC,0.009,,
C1=CC=C2C(=C1)N(C3=CC=CC=C3S2)C(=O)COC(=O)C4=CN=CC=C4,0.010,,
CC1=CC(=C[N+](=C1)C2=NC3=CC=CC=C3N=C2[N-]S(=O)(=O)C4=CC=CS4)C,0.018,,
COCCNC(=S)NC(=O)CC12CC3CC(C1)CC(C3)C2,0.006,,
COC1=CC=C(C=C1)N(C(=O)CN2C3=CC=CC=C3N=N2)C4(CCCCC4)C(=O)NC5CCCC5,0.008,,
CCCN1C/C(=C\C2=CC3=C(C=C2)OCO3)/C(=O)/C(=C\C4=CC5=C(C=C4)OCO5)/C1,0.010,,
CCCN1C(=O)C(SC1=O)CC(=O)NC2=CC=C(C=C2)C,0.010,,
C1=CC=C(C(=C1)C(=O)NN=CC2=C(C=C(C=C2)O)O)NS(=O)(=O)C3=CC=CS3,0.044,C(=N[NH2:1])c1cc[cH:1]c[cH:1]1,0.049
CC1=CC=C(O1)C(C(=O)NCC2=CC=CO2)N(C3=CC=C(C=C3)OC)C(=O)CN4C5=CC=CC=C5N=N4,0.028,,
CCOC(=O)N1CCN(CC1)C(=O)CSCC(=O)NC2=NC(=CS2)C3=CC=C(S3)Cl,0.003,,
CC(C)(C)C(=O)NC(=S)NC1=C(C2=C(S1)CCCCC2)C#N,0.013,,
C1CCC2=NC3=C(C4=C(S3)CCCC4)C(=O)N2CC1,0.007,,
CNC(=O)OC1=CN2C=C(N=C2C=C1)C3=CC(=CC=C3)OC(=O)NC,0.006,,
C1=CC=C(C(=C1)C2C3=C(C(=O)N2CC4=CC=CO4)NN=C3C5=CC=CC=C5O)F,0.028,,
C1CC2C=CC1C3C2C(=O)N(C3=O)/N=C/C4=CC=CC=C4O,0.019,,
CCC(C(=O)NC1=NOC(=C1)C)OC(=O)C(C2=CC=CC=C2)NC(=O)C3=CC=CC=C3,0.007,,
C1[C@H]2C(=O)N(C(=O)N2CC3=CC=CC=C31)CCC(=O)N[C@@H](CC4=CC=CC=C4)C(=O)O,0.006,,
C[C@H]1CN(C(=O)C2=C(C(=CC=C2)NC(=O)CC3=CC=CC=C3)O[C@@H]1CN(C)CC4=CC=C(C=C4)C(=O)O)[C@H](C)CO,0.044,,
C1COC(=O)N1C(=O)[C@H]2[C@@H](C(=NN2C3=CC=CC=C3)C4=CC(=CC=C4)Cl)C5=CC=CC=C5,0.185,c1ccc(N2N=C([CH3:1])[CH2:1][CH2:1]2)cc1,0.038
C1CCN(CC1)C(=O)CC2=NN3C(=C(C(=O)N=C3S2)/C=C\4/C=CC(=O)C(=C4)O)N,0.012,,
CC(C)/C=N/NC(=O)C1=C(C=CC(=C1)Br)O,0.036,c1c[cH:1]c([CH2:1]N[NH2:1])c[cH:1]1,0.031
CC(=O)C1=CC=C(C=C1)N(C(C2=CC=CC=N2)C(=O)NCC3=CC=CC=C3)C(=O)CN4C5=CC=CC=C5N=N4,0.021,,
C1COCCN1C(=O)OC2=CC3=C(C=CC=C3OC(=O)N4CCOCC4)C=C2,0.012,,
CN(C)S(=O)(=O)C1=CC=CC(=C1)NC(=S)N/N=C/C2=C(C=CC(=C2)Br)O,0.029,,
CC1=C(C(=CC=C1)C)N2C(=CC(=C2C)/C=N/NC(=S)N)C,0.032,Cc1c(/C=N/[NH2:1])c[cH:1][nH:1]1,0.048
CC1=CC=C(C=C1)OCC2=NC(=C(O2)NC3=CC=C(C=C3)OC)C#N,0.003,,
CC(C)N1C/C(=C\C2=CSC=C2)/C(=O)/C(=C\C3=CSC=C3)/C1,0.003,,
COC1=CC=CC(=C1O)/C=N/NC(=O)C(=O)NC2=CC=CC=C2OC(C(F)F)(F)F,0.047,C(=N/[NH2:1])\c1ccc[cH:1][cH:1]1,0.048
COC1=CC(=C(C=C1C2=C3C=C(C(=O)C=C3OC4=CC(=C(C=C42)O)O)O)OC)OC,0.025,,
COC1=CC=C(C=C1)N(CC(=O)NCC2=CC=C(C=C2)F)C(=O)C3=C(C(=NS3)C(=O)N)N,0.006,,
CCCOC(=O)C1=C(SC=C1C2=C(C=C(C=C2)C)C)NC(=O)C3C4CCC(C3C(=O)O)O4,0.010,,
C1=CC2=C(C=C1C(=O)O)SC=N2,0.020,,
C1=CC=C(C(=C1)C2=NN=C3N2N=C(S3)C4=CC=CS4)Cl,0.007,,
C1=CC=C2C(=C1)C(=O)N(C=N2)NC(=O)C3=CC=C(C=C3)Br,0.008,,
COC1=CC=C(C=C1)C2C(C(=NN2C(=O)CCl)C3=CNC4=CC=CC=C43)O,0.036,OC1[CH:1]=NN([CH2:1]CCl)[CH2:1]1,0.087
CCCCCCCN1C(=O)C(C(=N1)C)C(=O)C2=CC=CC=C2,0.017,,
C1=CC=C(C=C1)/C=C/C(=O)C2=C(C(=O)C=CC(=C2)Br)O,0.029,,
CC1(C(N(C(=S)S1)/N=C/C2=CC=CS2)N(C(=O)NC)O)C,0.035,ON(C1N([NH2:1])[CH2:1]S[CH2:1]1)[CH3:1],0.045
C1=CC(=C(C(=C1)Cl)CC(=O)NCCCN2C=CN=C2)F,0.002,,
COC1=CC=C(C=C1)C(C2=C(C(=O)C=C(O2)CO)O)NC3=CC=CC=N3,0.009,,
C1COC2=C(O1)C=CC(=C2)C(=O)CN3C(=NC(=N3)Cl)Cl,0.005,,
CC(C)(C)C1=CC=C(C=C1)NC(=O)CSC2=NNC(=O)N2C3=CN=CC=C3,0.003,,
C1CCCC(CC1)NC(=O)COC(=O)C2=CC=CC=C2C(=O)C3=CC(=C(C=C3)Cl)[N+](=O)[O-],0.011,,
COC1=CC=CC=C1/C=C\2/C(=O)N(C(=S)S2)CCC(=O)NNC(=O)C3=CC=CC=C3OC,0.017,,
CC1=CC=C(C=C1)OCC(=O)N/N=C/C2=CC=C(O2)[N+](=O)[O-],0.013,,
CCC1=CC(=O)OC2=C1C=CC(=C2)OC(=O)C3=CC=CO3,0.022,,
CC1CC(CCO1)C2=NC(=CS2)C3=CC=CC=C3.Cl,0.005,,
COC1=CC=C(C=C1)C(=O)N2C3=CC4=C(C=C3N=C2SC)OCCO4,0.003,,
COC1=CC=C(C=C1)CN2C(=C(C(=O)NC2=O)/C=N/NC(=O)C3=CC=CC=C3O)O,0.037,O=c1[nH][cH:1][n:1][cH:1]c1C=[NH:1],0.032
CC(=O)C1=CC(=CC=C1)NC(=O)CSC2=NN=C(C=C2)C3=CC=CC=N3,0.008,,
C/C(=N\N=C(/N)\SC1CC(=O)N(C1=O)C2=CC=C(C=C2)Cl)/C3=CC=CS3,0.045,c1csc(/[CH:1]=N/N=[CH2:1])c1,0.037
CCOC(=O)C1=C(C2=CC=CC=C2O1)CN3CCN(CC3)C(=O)C4=CC=CC=C4,0.007,,
CC1=CC(=CC=C1)NC(=O)CN2C=NC3=C(C2=O)OC4=C3C=C5COC(CC5=N4)(C)C,0.016,,
C1CCN(C(C1)CCO)C(=O)CCN2C(=O)/C(=C/C3=CC(=CC=C3)Cl)/SC2=S,0.005,,
C1=CC=C2C(=C1)C=CC(=C2/C=N/NC3=NC4=CC=CC=C4C(=O)N3O)O,0.143,C(=N/[NH2:1])\c1[cH:1]cc[cH:1][cH:1]1,0.048
C=CCN1C(=NNC1=S)C23CC4CC(C2)CC(C4)C3,0.009,,
C1=CC=C(C=C1)NC(=S)N/N=C/C2=CC=C(O2)C3=CC(=CC=C3)[N+](=O)[O-],0.023,,
CC1=C(C=C(C=C1)OCC(=O)NNC(=S)NC)C,0.020,,
C[C@H]1CN(C(=O)C2=C(C(=CC=C2)NC(=O)NC3=CC4=C(C=C3)OCO4)O[C@@H]1CN(C)CC5=CC=C(C=C5)C6=CC=CC=C6)[C@H](C)CO,0.061,,
CC1=C(SC(=C1C(=O)C2=CC=CC=C2)NC(=O)CCl)C,0.048,O=C(CCl)Nc1s[cH:1][cH:1][cH:1]1,0.151
CC(C)C1=CC=C(C=C1)N(C(C2=CN=CC=C2)C(=O)NC3CCCC3)C(=O)C4=CC=CO4,0.008,,
C1CN(CCN1C2=CC=C(C=C2)F)C(=O)CCS(=O)(=O)C3=CC=CC=C3,0.005,,
CC1CN(CC(O1)C)C(=S)SCC(=O)C2=CC=CC=C2,0.009,,
CC1=CC=CC=C1C(=O)ON2C(=NC3=CC=CC=C3C2=O)C4=CC(=CC(=C4)OC)OC,0.029,,
CN1CCOC(C2=CC=CC=C2C1)C3=CC=CC=C3.Cl,0.013,,
CCNC(=S)NN(C1=CC=CC=C1)C2=CC=CC=C2,0.023,,
CC1=CC=C(O1)C(C(=O)NCC2=CC=CO2)N(C3=CC=CC=C3OC)C(=O)CN4C5=CC=CC=C5N=N4,0.029,,
C1COCCN1S(=O)(=O)C2=CC=C(S2)CC(=O)NC3=C(C=C(S3)C4=CC=CC=C4)C(=O)N,0.004,,
COC1=CC(=C(C=C1)OC)C2=C3C=C(C(=O)C=C3OC4=CC(=C(C=C42)O)O)O,0.025,,
CC(C)(C)OC(=O)[C@H](CC1=CC=CC=C1)NC(=O)C2=C(NC=N2)C(=O)NCC3=CC=C(C=C3)CNC(=O)OC(C)(C)C,0.022,,
C1COCCN1CC2=NC3=C(C=C(C=C3)Br)C(N2CC(=O)NN)C4=CC=CC=C4,0.029,,
CC1=C2C(=CC=C1)SC(=N2)NNC(=O)C3=CC=C(C=C3)S(=O)(=O)N4CCC5=CC=CC=C5C4,0.358,n1c(NN[CH2:1][CH3:1])s[cH:1][cH:1]1,0.045
CC1CCC2=C(N1CC(=O)N3CCC4=C(C3)C5=C(N4)C=CC(=C5)C)C=CC(=C2)F,0.005,,
C1=CC=C2C(=C1)N=NN2CC(=O)C3=CC=C(C=C3)Br,0.006,,
CC1=CC(=CC=C1)N2C(=O)CC(C2=O)N(CC3=C(N(N=C3C)C)C)C(=S)NC4=CC=C(C=C4)Cl,0.014,,
CC(=O)OC1=CC=C(C=C1)C2=CC(=CC=C2)C(=O)OCC(=O)NC3=CC=CC=C3OC4=CC=CC=C4,0.018,,
CC1=C(SC(=C1C(=O)OC)NC(=O)CSC2=NC3=CC=CC=C3C(=O)N2CC4=CC=CO4)C,0.007,,
CC(=O)N1C=C(C2=CC=CC=C21)N(C3=CC=C(C=C3)[N+](=O)[O-])C(=O)CCl,0.073,O=C(CCl)[NH:1]c1cn([CH3:1])[cH:1][cH:1]1,0.129
COC1=CC=CC=C1/C=C\2/C(=O)N(C(=S)S2)CCC(=O)NC3=NCCS3,0.004,,
CC1=C(C=C(C=C1)NC(=S)NC2=CC3=C(C=C2)C=NN3)C,0.016,,
C1=CC(=CC(=C1)NC(=O)NCCNC(=O)C2=C(C=CC(=C2)OCC(F)(F)F)OCC(F)(F)F)C(F)(F)F,0.018,,
C1C(N(N=C1C2=CC=CS2)C(=O)CCl)C3=CC=CO3,0.019,,
CC(C)CC(=O)NC1=CC=C(C=C1)C(=O)CN2C(=O)C3=CC=CC=C3C(=N2)C(=O)O,0.012,,
COC1=NC=NC(=C1)N/N=C/C2=CC=CC=C2O,0.015,,
CCN(CC)C1=CC(=C(C=C1)/C=N/NC2=NC(=CC(=O)N2)C)O,0.052,O=c1c[cH:1]nc(N[NH2:1])[nH]1,0.067
CC1=CC=C(C=C1)CN2CC(=O)N3[C@@H]4[C@H](COC5=C4C=CC(=C5)OC)[C@@H]([C@@]3(C2=O)C)C6=CC=CC=C6,0.025,,
CC1=CC=C(C=C1)NC2=NN=C(S2)SC(C)C(=O)NC3=C(N(N(C3=O)C4=CC=CC=C4)C)C,0.015,,
C1=CC=C(C=C1)SC2=CC=CC=C2NC(=O)CCl,0.059,O=C(CCl)Nc1cccc[cH:1]1,0.126
C1CC1N2C(=C(C(=O)NC2=S)/C=N/NC(=O)C3=CC=CC=C3O)O,0.071,O=c1[nH]c(=S)[nH:1]c(O)[cH:1]1,0.052
C1=CC=C(C(=C1)C2=NN(N=N2)CC(=O)NCC3=CC=CO3)NC(=O)C4=CC=CC=C4F,0.006,,
CC1=CC=C(C=C1)NC2=C(C(=O)N(N=C2)C34CC5CC(C3)CC(C5)(C4)CC(=O)O)Cl,0.006,,
CSC1=NSC(=N1)NC(=O)OCC2=CC=C(C=C2)Cl,0.003,,
C1=CC(=CC=C1C(=O)NCCC(=O)NNC(=O)C2=CC=NC=C2)[N+](=O)[O-],0.014,,
C1=CC=C(C=C1)CN2C3=CC=CC=C3N(C2=N)CC(COC4=CC=CC=C4)O.Cl,0.011,,
CC1=C(C2=C(NC1=O)N=CC=C2)O,0.012,,
CC1=NC2=C(C=C(C=C2)Br)C(N1CC(=O)NN)C3=CC=CC=C3,0.032,CC1=Nc2ccc(Br)cc2C([CH3:1])N1CC(=O)NN,0.034
C1=CSC(=C1)C2=CSC(=N2)NC(=O)C3=CC=C(C=C3)Cl,0.010,,
CCOC1=C(C=C(C=C1)C(=O)NC2=CC=C(C=C2)NC(=O)C3=CC=CS3)[N+](=O)[O-],0.019,,
CN1C(=O)C(SC1=O)NC2=CC=CC=C2,0.025,,
CS(=O)(=O)N(CC1=CC=C(C=C1)C(=O)NC2=CC=CC=C2SC3=CC=CC=C3)C4=CC=CC=C4,0.034,,
CC1=C(C=C(C=C1)N2C(=O)C(=C(N2)C)/C=N/NC(=O)C3=CC(=CC=C3)[N+](=O)[O-])C,0.101,Cc1[nH][n:1][cH:1]c1/C=N/[NH2:1],0.047
CC1=CC(=C(C=C1)O)N=NC2=C(CC(CC2=O)(C)C)O,0.009,,
C1=CC(=CC(=C1)O)C(C2=C(C3=C(C=CC=N3)C=C2)O)NC4=NC=CS4,0.028,,
CC1=CC(=C2C(=C1)N=C(S2)NNC(=O)C3=CC=C(C=C3)S(=O)(=O)N4CCC5=CC=CC=C5C4)C,0.324,n1c(NN[CH2:1][CH3:1])s[cH:1][cH:1]1,0.045
CCOC(=O)C1=C(SC(=C1C2=CC=CC=C2)C(C(F)(F)F)(C(F)(F)F)O)N,0.025,,
C1=CC=C(C=C1)CN(C(C2=CC=CS2)C(=O)NCC3=CC=CO3)C(=O)CN4C5=CC=CC=C5N=N4,0.069,,
C1CCCN(CC1)S(=O)(=O)C2=CC=C(C=C2)C(=O)OCC(=O)NCC3=CC=C(C=C3)F,0.005,,
CC(C)C1=CC=C(C=C1)NC(=O)CN2C(=O)C3(CCCC3)NC2=O,0.009,,
CC1=CC=C(C=C1)C(=O)N2CCN(CC2)C3=CC=C(C=C3)NC(=O)C4=CC(=C(C(=C4)OC)OC)OC,0.015,,
COC(=O)C1=CC=C(C=C1)OC(=O)C2=CN=CC=C2,0.007,,
COC1=CC=CC(=C1O)/C=N/NC2=C(C(=NC=N2)Cl)N,0.020,,
CCC1=C2C(=CC=C1)C3=C(N2)C(OCC3)(CC)CC(=O)O,0.004,,
COC1=C(C=C(C=C1)C2=NN(C(=C2)N)S(=O)(=O)C3=C(C(=C(C(=C3F)F)F)F)F)OC,0.011,,
C[C@]12[C@@H]3[C@H]([C@H](N1C(=O)N(C2=O)C4=CC(=CC=C4)Br)C5=CC=C(C=C5)Cl)C(=O)N(C3=O)C6CCCCC6,0.016,,
CCN(CC)C1=CC(=C(C=C1)/C=N/NC(=O)CCC(=O)NCC2=CC=CC=C2)O,0.017,,
CC(C(=O)NN=C1CCCC1)N(C2=CC=C(C=C2)OC)S(=O)(=O)C,0.003,,
CC(=O)OCC#CCSC1=NC2=CC=CC=C2N1C,0.003,,
CC1=CC(=C(N1CCC2=CC(=C(C=C2)OC)OC)C)C(=O)CCl,0.016,,
C1CCC2(CC1)C(C(=O)NC(=N2)N3CCN(CC3)C4=CC=CC=C4)C#N,0.005,,
CC1=C(ON=C1C)NS(=O)(=O)C2=CC=C(C=C2)NC(=O)NC3=CC(=C(C=C3)Cl)Cl,0.022,,
CC1=CC=CC=C1NCC2=C3C=CC=NC3=C(C=C2)O,0.008,,
CC(=O)OC1=CC=C(C=C1)C(=O)[C@H]2[C@@H]3[C@H]([C@H]4N2N=CC=C4)C(=O)N(C3=O)C5=CC6=CC=CC=C6C=C5,0.031,C1=C[C@@H]2N(N=C1)[C@@H]([CH3:1])[CH2:1][CH2:1]2,0.037
CC1=CC(=O)OC2=C1C=CC(=C2)OC(=O)C3=CC=CO3,0.037,O=C(Oc1ccc2c(c1)oc(=O)c[cH:1]2)c1ccco1,0.040
CC1=CC(=C(C=C1)NC(=O)CN2C=CC=C2)Br,0.004,,
C1=CC=C2C(=C1)C=CC(=C2/C=N\NC(=O)C3=CC=C(C=C3)O)O,0.070,C(=N\[NH2:1])\c1[cH:1]cc[cH:1][cH:1]1,0.048
CC1=NC2=CC=CC=C2C(=C1)C(=O)N/N=C/C3=C(C(=CC(=C3)Br)[N+](=O)[O-])O,0.051,C(=N/[NH2:1])\c1c[cH:1]c[cH:1][cH:1]1,0.048
C/C(=N\NC(=S)N)/C1(CCCCC1)C,0.092,S=[CH:1]N/N=[CH:1]/[CH:1]1CCCCC1,0.076
C1=CC=C2C(=C1)N=CC(=N2)OC3=CC=C(C=C3)NC(=O)CCl,0.031,O=C(CCl)Nc1cc[cH:1]cc1,0.126
CC1=CC(=CC=C1)CN2CCN(CC2)C(=O)CCl,0.042,ClC[CH2:1]N1CC[NH:1]CC1,0.062
C1=CC=C2C(=C1)NC(=N2)N/N=C/C3=C(C=CC(=C3)[N+](=O)[O-])O,0.055,C(=N/[NH2:1])\c1c[cH:1]cc[cH:1]1,0.048
COC1=CC=C(C=C1)N/C=C/2\CCC3=CC=CC=C3C2=O,0.005,,
CC(C)C1=CC=C(C=C1)S(=O)(=O)NC2=CC=C(C=C2)SC(F)F,0.013,,
CC1=CC=C(C=C1)/C=C/C(=O)C2=C(C=CC(=C2)Br)OC(=O)C3=CC=CO3,0.028,,
CC1=CC(=CC=C1)CCNC(=O)C(=O)CC(=O)C2=CC=C(C=C2)OC,0.009,,
CCCCOC1=CC=C(C=C1)C(=O)OC2=CN=CC=C2,0.008,,
C[C@@H]1C[C@H]2[C@@H]3CCC4=CC(=O)C=C[C@@]4([C@]3([C@H](C[C@@]2([C@H]1C(=O)CO)C)O)F)C,0.012,,
CC1(CC2=C(CO1)SC3=C2C(=O)N(C(=N3)C4=CC5=CC=CC=C5O4)N)C,0.004,,
CS(=O)(=O)N(CC1=CC=CO1)CC(CN2C=C(C3=CC=CC=C32)C=O)O,0.008,,
CC1=CC=C(C=C1)S(=O)(=O)NC(C(C)C)C(=O)OC2=C(C=C3C(=CC(=O)OC3=C2)C)Cl,0.019,,
COC1=CC=C(C=C1)N(CC2=CC3=CC=CC=C3NC2=O)S(=O)(=O)C4=CC=C(C=C4)OC,0.015,,
CC(C(=O)N/N=C/C1=C(C(=CC(=C1)[N+](=O)[O-])OC)O)NC2=CC=CC3=CC=CC=C32,0.017,,
CCCCNC(=S)N/N=C/C1=CC=CC=C1F,0.012,,
CC(C)C[C@@H](C(=O)OC(C)(C)C)NC(=O)C1=C(N=CN1)C(=O)N[C@@H](CC2=CC=CC=C2)C(=O)OCC3=CC=CC=C3,0.022,,
CCC(=O)NC1=C(NN=C1C)C,0.008,,
C1=CC=C(C(=C1)/C=N/NC(=S)N)OCC2=CC(=CC=C2)Cl,0.023,,
CC(C)NC(=S)N/N=C/C1=CC2=C(C=C1)OCCO2,0.033,CC(C)NC(=S)NN=[CH2:1],0.065
CC1=C(C(=O)N(N1)C2=CC=CC3=CC=CC=C32)/C=N/NC(=O)C4=CC(=CC=C4)[N+](=O)[O-],0.099,Cc1[nH][n:1][cH:1]c1/C=N/[NH2:1],0.047
CCC1=CC=C(C=C1)NC(=O)C2CCCN(C2)S(=O)(=O)C3=CC4=C(C=C3)NC(=O)C=C4,0.037,,
COC1=CC=C(C=C1)NC(=O)CC2C(=O)NCCN2C(=O)NC3=CC=C(C=C3)C(F)(F)F,0.010,,
C1CCN(CC1)S(=O)(=O)C2=C(C=CN=C2)N3CCN(CC3)/N=C/C4=CC=C(C=C4)[N+](=O)[O-],0.016,,
C1=CC=C(C=C1)CCN(CC2=CC=CC=N2)S(=O)(=O)C3=CC=C(C=C3)S(=O)(=O)N,0.009,,
CC1=CC=C(O1)C2=NN(C(C2)C3=CC=CO3)C(=O)CCl,0.027,,
C1C2=C(N(N=C2CS1(=O)=O)C3=CC(=CC=C3)Cl)NC(=O)C4=CC5=C(C=C4)OCO5,0.012,,
CC1=C(C2=C(O1)C(=C(C(=C2F)F)F)F)S(=O)(=O)NC3=CC=CC(=C3)C(F)(F)F,0.052,,
C1=CSC(=C1)CC(=O)NNC(=S)NC(=O)/C=C/C2=CC=CS2,0.034,O=C(C=[CH2:1])NC(=S)N[NH2:1],0.057
CC1=CC2=C(C=C1)N(C3=C2CCCC3)CC(CN4CCCCCC4)O.Cl,0.005,,
C1=CC=C2C(=C1)C(=O)N(C2=O)CC(=O)OC3=CC=C(C=C3)F,0.021,,
C1=CC=C(C=C1)CCN2C(=C(C(=O)NC2=O)/C=N/NC(=O)C3=CC=CC=C3O)O,0.104,O=c1[nH]c(=O)[nH:1]c(O)[cH:1]1,0.051
C1=CC=C2C(=C1)N=NN2CC(=O)N/N=C\C3=CC=CS3,0.012,,
CN(C)S(=O)(=O)C1=CC=CC(=C1)NC(=O)CSC2=CC=CC3=C2N=CC=C3,0.010,,
C1=CC=C(C=C1)CN(C2=NC(=C(S2)C3=CC=CC=C3)C4=CC=CC=C4)C(=O)CSCC(=O)O,0.016,,
CC1=CC(=CC=C1)NC(=O)NCC(C2=CN=CC=C2)N3CCOCC3,0.007,,
COC1=CC=C(C=C1)C(C2=C(C(=O)C=C(O2)CO)O)C3=C(C(=O)C=C(O3)CO)O,0.017,,
CC(=O)NC(C1=C(C2=C(C=CC=N2)C=C1)O)C3=CC=CO3,0.010,,
CN(CC1=CC=C(C=C1)F)S(=O)(=O)C2=NN=C(S2)NC(=O)C3=CC=CC=C3Br,0.018,,
COC1=CC=C(C=C1)S(=O)(=O)C2=C(C3=C(C=C(C=C3)C(=O)NC4=CC(=CC=C4)F)NC2=O)O,0.016,,
CCC1=C2C(=CC=C1)C(=CN2)C(=O)CSC3=NN=CN3C4=CC=CC=C4OC,0.004,,
CN1C2=C(C3=C1C(=O)N(N=C3)CC4=CC=C(C=C4)F)SC(=C2)C#N,0.009,,
C1=CC=C(C(=C1)C(=O)NC(=S)NC2=CC=C(C=C2)NC(=O)C3=CC(=CC=C3)Cl)Cl,0.026,,
C1=CC=C2C(=C1)C(=CC(=C2N)C(C(F)(F)F)(C(F)(F)F)O)C(C(F)(F)F)(C(F)(F)F)O,0.064,O[CH:1](c1c[cH:1][cH:1][cH:1][cH:1]1)[CH:1](F)F,0.038
C1=CC=NC(=C1)NC(=O)C2=CC=C(O2)[N+](=O)[O-],0.011,,
CC1=CC(=C(S1)NC(=O)CCl)C(=O)C2=CC=CC=C2,0.067,O=C(CCl)Nc1s[cH:1]c[cH:1]1,0.151
C1=CC=C2C(=C1)C=NN=C2N/N=C/C3=CC=CC=N3,0.020,,
CCOC(=O)C1=C(SC(=C1C2=CC=CC=C2)CN(C)C)NC(=O)CCl.Cl,0.018,,
CC1=CC=C(C=C1)S(=O)(=O)NC2=CC=CC=C2C3=CC=CC=C3NS(=O)(=O)C4=CC=C(C=C4)C,0.061,Cc1ccc([S:1][NH2:1])cc1,0.036
CCOC1=CC=C(C=C1)NC(=O)CSC2=NC(=CC(=O)N2)NS(=O)(=O)C3=CC=C(C=C3)C,0.018,,
CC1=CC=C(O1)C(C(=O)NCCOC)N(C2=CC=CC=C2)C(=O)CN3C4=CC=CC=C4N=N3,0.016,,
C/C(=N\NC(=S)N)/C1=CC=C(S1)Cl,0.040,C/C(=N\[NH2:1])c1cc[cH:1]s1,0.045
C1=CC=C(C=C1)N2C=C(C(=N2)C(=O)NN)O,0.047,NNC(=O)c1n[nH:1]c[cH:1]1,0.067
CC1=C(C=C(C=C1)C(=O)NCCN2CCOCC2)C,0.004,,
CC1=CC(=NO1)NC(C2=CN=CC=C2)C3=C(C4=C(C=CC=N4)C=C3)O,0.015,,
C1=CC(=C(C=C1Cl)CC2=C(C=CC(=C2)Cl)O)O,0.009,,
CC1=CC=C(O1)/C=C/2\C(=O)NC(=S)N(C2=O)C3=CC(=CC=C3)OC,0.013,,
CCC1=CC=C(C=C1)NC(=O)C2C(=C(C(=NC3=CC=CC=C3)S2)C(=O)NCCN4CCOCC4)N,0.011,,
C1C2CC3CC1CC(C2)C3C4=NC5=CC=CC=C5C(=O)N4,0.006,,
C1=C(C=C(C(=C1O)O)O)C(=O)OCC2[C@H]([C@@H]([C@@H]([C@@H](O2)OC(=O)C3=CC(=C(C(=C3)O)O)O)OC(=O)C4=CC(=C(C(=C4)O)O)O)OC(=O)C5=CC(=C(C(=C5)O)O)O)OC(=O)C6=CC(=C(C(=C6)O)O)O,0.528,,
CCOC(=O)N1CCC(CC1)N2CC3=C(C2=O)C(=CC=C3)C(=O)N4CCN(CC4)C5CCCCC5,0.006,,
CC1=CC2=C(C(=C(C(=C2C(C)C)O)O)C=O)C(=C1C3=C(C4=C(C=C3C)C(=C(C(=C4C=O)O)O)C(C)C)O)O,0.395,c1c2c([CH3:1])[cH:1][cH:1][cH:1]c2[cH:1][cH:1][cH:1]1,0.034
CC1=CC2=C(C=C1S(=O)(=O)N3CCN(CC3)C4=CC=C(C=C4)Cl)OCCN2C,0.015,,
C1=CC(=CC=C1/C(=N/S(=O)(=O)C2=CC(=CC(=C2)C(F)(F)F)C(F)(F)F)/N)Cl,0.039,F[CH:1](F)c1c[cH:1]c[cH:1]c1,0.081
COC1=CC=CC(=C1)C2=CC3=C(C=C2)N=CN=C3NCC4=CC(=CC=C4)F,0.003,,
C1=CC(=CN=C1)NC(=O)CC2=CC(=C(C=C2)Cl)Cl,0.007,,
COC1=CC=CC=C1CCNC(=O)C(=O)NCC2N(CCO2)S(=O)(=O)C3=CC4=C(C=C3)OCCO4,0.019,,
CC1=CC2=CC=CC=C2C(=O)N1CC(=O)NC3=CC(=C(C(=C3)OC)OC)OC,0.004,,
CCN(CC)S(=O)(=O)C1=CC=CC(=C1)C(=O)N/N=C(\C)/C2=C(C=C(C=C2)O)O,0.033,c1c[cH:1]c[cH:1]c1/[CH:1]=N/[NH2:1],0.048
C1=CC(=CN=C1)C(=O)NC(C2=CC=C(C=C2)Cl)C3=CC(=C4C=CC=NC4=C3O)Cl,0.054,,
CC1=CC=C(C=C1)S(=O)(=O)N2CCN(CC2)S(=O)(=O)C3=CC4=C(C=C3)OCCO4,0.016,,
CC1=CC=C(O1)/C=C/C(=O)OCC(=O)NC2=CC(=CC=C2)S(=O)(=O)N(C)C,0.011,,
CC1=C(C=CC(=C1)NC(=O)CON2C3=C(C=CC(=C3)S(=O)(=O)C)N=N2)Br,0.012,,
C1=CC=C(C=C1)C2=CSC(=N2)NC(=O)COC(=O)/C=C/C3=CC=CS3,0.010,,
CC1=C(SC=C1)C2C3=C(CC(CC3=O)(C)C)C4=C(N2)C=CC5=C4C=CC=N5,0.007,,
C1=C(C=C(C=C1C(F)(F)F)NS(=O)(=O)C2=C(N=CC(=C2)Br)N)C(F)(F)F,0.033,F[CH:1](F)c1c[cH:1]c[cH:1]c1,0.081
CC1=C(C=CC=C1[N+](=O)[O-])C(=O)NC(=S)NC2=CC=CC=C2N3CCCC3,0.024,,
CCOC1=CC=C(C=C1)N2C(=C(C3=CC=CC=C3C2=O)/C=N/NC(=O)C4COC5=CC=CC=C5O4)O,0.044,C(=N/[NH2:1])\c1[cH:1][cH:1][cH:1][n:1][cH:1]1,0.038
CC(C)(C1=CC(=C(C(=C1)CN(C)C)O)CN(C)C)C2=CC(=C(C(=C2)CN(C)C)O)CN(C)C,0.006,,
COC1=CC=C(C=C1)C(=O)N/N=C/C2=C(C3=CC=CC=C3S2)O,0.014,,
CCOC(=O)C1=C(SC(=C1C)C)/N=C/C2C(=O)CC(CC2=O)(C)C,0.008,,
C1=CC=C(C=C1)C(C2=CC=CC=C2)(C(=O)N/N=C/C3=CC=C(O3)C4=C(C=CC(=C4)C(=O)O)Cl)O,0.033,Clc1ccc([CH3:1])cc1[CH3:1],0.044
CCNC(=S)N/N=C(\C)/C1=CC=C(S1)Cl,0.015,,
C1=CSC(=C1)/C=C\2/C(=O)N(C(=O)S2)CC(=O)NC3=CC(=C(C=C3)C(=O)O)O,0.013,,
CC(C)COC1=CC=CC(=C1)C(=O)N(C)CC(=O)NC2=CC=CC3=CC=CC=C32,0.005,,
CC1CCCN(C1)S(=O)(=O)C2=CC=C(C=C2)C(=O)NNC3=NC4=C(C=CC=C4S3)C,0.153,n1c(NN[CH2:1][CH3:1])s[cH:1][cH:1]1,0.045
C1CCC2(CC1)CC3=CC=CC=C3C4=NN=NN24,0.004,,
CC1=CC(=C(C=C1)C)/C=C/C(=O)C2=C(C(=O)C=CC=C2)O,0.040,O=c1ccccc([CH3:1])[cH:1]1,0.036
C/C(=N\NC(=S)NC)/C1=CC2=C(C=C1)OCCO2,0.030,,
C1=COC(=C1)C(=O)N(CC2=CC=C(C=C2)[N+](=O)[O-])C3=CC=C(C=C3)Br,0.004,,
CC(C)(C)OC(=O)NCC1=CC=C(C=C1)CNC(=O)C2=C(N=CN2)C(=O)N[C@@H](CC3=CC=CC=C3)C(=O)OCC4=CC=CC=C4,0.029,,
CC1=CC=C(C=C1)NC(CNS(=O)(=O)C2=CC=C(C=C2)Cl)C3=CC=CC=C3,0.015,,
C1C2[C@H]([C@H]([C@H]([C@@H](O2)OC(=O)C3=CC(=C(C(=C3)O)O)O)O)OC(=O)C4=CC(=C(C(=C4C5=C(C(=C(C=C5C(=O)O1)O)O)O)O)O)O)O,0.376,,
CNC1=CC=C(C=C(C1=O)C(=O)/C=C/C2=CC3=C(C=C2)OCO3)Br,0.009,,
C1CN(CCN1C2=CC(=CC=C2)Cl)C(=O)C3=C(N=C4N3C=CS4)Cl,0.006,,
C1=CC=C(C=C1)CNC(=O)C2=CC=C(C=C2)S(=O)(=O)NC3=CC=CC(=C3)C(F)(F)F,0.028,,
CN1C(=O)C2=C(C1=O)C=C(C=C2)NC(=O)C3=CC(=C(C=C3)N4CCCCC4)[N+](=O)[O-],0.019,,
CC1=CC(=CC(=C1)N2C(=CC(=C2C)C(=S)N3CCOCC3)C)C,0.007,,
CCN1C2=NC3=C(C=CC=C3C=C2C(=N1)NS(=O)(=O)C4=CC=C(C=C4)[N+](=O)[O-])C,0.018,,
CCCCCCO,0.010,,
CC1=CC(=CC=C1)NS(=O)(=O)C2=NN=C(S2)NC(=O)C3=CC=C(C=C3)Cl,0.028,,
CC1=CC=C(C=C1)S(=O)(=O)N2CCN(CC2)CC(=O)N/N=C(\C)/C3=CN=CC=C3,0.028,,
CN1C2=CC=CC=C2C(=C(C1=O)CC3=CC=CC=C3)O,0.007,,
CC1=C(SC(=N1)NC(=O)C)C2=CSC(=N2)NC3=CC=C(C=C3)OC.Br,0.006,,
CCCC1=C(N=NN1C2=NON=C2N)C(=O)N/N=C/C3=C(C=CC4=CC=CC=C43)OC,0.008,,
C1CCC(=CC1)CCN2C(=C(C(=O)NC2=O)/C=N/NC(=O)C3=CC=CC=C3)O,0.029,,
CC1=CC(=CC=C1)N2C3=C(C(=N2)C)C(=CC(=N3)C4=CC=CS4)C(=O)O,0.028,,
CC1=CC2=C(C=C1)NC(=S)C=C2C,0.014,,
CC1=CC(=CC=C1)NC(=O)CSC2=NN=C(O2)CN3C=NC4=CC=CC=C43,0.004,,
CCC1CCC2(CC1)NNC(=S)NN2,0.088,C1C[CH2:1]CCC12NN[CH2:1]NN2,0.040
C1C(OC2=CC=CC=C2O1)C(=O)N/N=C/C3=C(N(C(=O)C4=CC=CC=C43)C5=CC=CC=C5Cl)O,0.038,C(=N/[NH2:1])\c1[cH:1][cH:1][cH:1][n:1][cH:1]1,0.038
CC1=CC=C(C=C1)NCCCC(=O)N/N=C/C2=CC=CC(=C2O)CC=C,0.020,,
CC1=CC2=C(C(=C(C(=C2C(C)C)O)O)C=O)C(=C1C3=C(C4=C(C=C3C)C(=C(C(=C4C=O)O)O)C(C)C)O)O.CC(=O)O,0.253,C[CH3:1].c1[cH:1]c([CH3:1])[cH:1][cH:1][cH:1]1,0.035
C1=CC=C(C=C1)CNC(=S)N/N=C/C2=CC=CS2,0.022,,
CC1=C(C(=NO1)C)S(=O)(=O)NC2=CC=C(C=C2)C(=O)NC3=CC=C(C=C3)OC(F)(F)F,0.048,,
C1CCC(C1)NC(=O)CSC2=NC=CN2CC3=CC=CC=C3,0.001,,
C1=CC=C(C=C1)CCCN2C3=CC=CC=C3C(=O)C2=O,0.016,,
CN1C(=NN=C1SCC(=O)NC2CCCCC2)C3=CC4=CC=CC=C4O3,0.003,,
CC1=C(SC(=S)N1)CC2=CC(=C(C=C2)Cl)Cl,0.004,,
C1=CC=C2C(=C1)C(=O)N(C(N2)C3=CC=C(O3)C4=CC(=CC=C4)[N+](=O)[O-])O,0.034,O=[N+]([O-])c1ccc[cH:1]c1,0.034
CCCCCCCCCC[N+](C)(C)CC#C.[Br-],0.010,,
CCN(CC)C1=CC(=C(C=C1)/C=N/NC2=NC(=CC(=N2)C)C)O,0.033,C(=N/[NH2:1])\c1cc[cH:1]c[cH:1]1,0.048
CCOC1=CC=CC=C1C2=C3C=C(C(=O)C=C3OC4=CC(=C(C=C42)O)O)O,0.056,O=c1cc2oc3cc(O)c(O)cc3[cH:1]c-2cc1O,0.037
CN1C(=O)C(SC1=O)NC2=CC=CC3=CC=CC=C32,0.027,,
CC1=CC(=NC(=N1)SCC2=CC=C(C=C2)C(=O)N/N=C/C3=C(C(=CC=C3)O)O)C,0.032,C(=N/[NH2:1])\c1ccc[cH:1][cH:1]1,0.048
C1=CC=C(C=C1)N2C=C(C(=N2)C3=CC=C(C=C3)Cl)C(=O)NC4=CC=C(C=C4)C(=O)O,0.025,,
CC1(C2CC=C(C1C2)/C=N/NC(=S)NC3=CN=CC=C3)C,0.030,,
CCOC(=O)N1CCN(CC1)S(=O)(=O)C2=CC=C(C=C2)C(=O)NNC3=NC4=C(S3)C=C(C=C4)Cl,0.068,n1c(NN[CH2:1][CH3:1])s[cH:1][cH:1]1,0.045
CN1CCN2C(C1)C3(CC4=C2C=CC(=C4)N)C(=O)NC(=O)NC3=O,0.035,O=C1NC(=O)[CH2:1]C(=O)N1,0.074
CC1=CC=C(C=C1)NC(=O)CN(C)C(=O)C2=C(N=CC=C2)NC3=CC=CC(=C3)C(F)(F)F,0.021,,
C1C(OC2=CC=CC=C2O1)CN3C4=CC=CC=C4C(=O)C3=O,0.048,O=C1C(=O)[CH:1]=[CH:1]N1C[CH3:1],0.040
COC1=CC(=C(C=C1)C2=NNC(=C2C3=CC4=CC=CC=C4O3)C(F)(F)F)O,0.024,,
C1=CC=C(C(=C1)C(=O)OC2=CN=CC=C2)[N+](=O)[O-],0.023,,
CC1=C(C(=CC=C1)N2CCN(CC2)C(=O)C3CCC(=O)N(C3)C4CC4)C,0.005,,
C1=CC=C(C=C1)C(=O)N/N=C/C2=C(C3=CC=CC=C3S2)O,0.025,,
CC\1=CCC(C/C1=N\NC(=S)NC2=CC=CC=C2)C(=C)C,0.025,,
CC1=C(C=C(C=C1)Br)S(=O)(=O)OC2=C(C=C(C=C2)/C=C/C(=O)O)OC,0.005,,
C1CC2=CC(=C(C3=C2N(C1)CCC3)O)/C=N/NC(=O)C4=CC=CC=C4O,0.026,,
C1=CC=C(C(=C1)/C=N/NC(=O)CNC(=O)C2=CC=CO2)OCC(=O)O,0.009,,
CC1=CC2=C(C=C1C)NC(=O)CC2C3=CC=CC=C3F,0.002,,
C[N+]1=CC=CC2=C(C=CC(=C21)[O-])Br.O,0.009,,
CN(C)S(=O)(=O)C1=CC=C(C=C1)/C(=C/2\C(N(C(=O)C2=O)CC3=CN=CC=C3)C4=CC=NC=C4)/O,0.012,,
CC(C)C12CN(CC(C1=O)(CN(C2)C(=O)C3=CC=CC=C3[N+](=O)[O-])C(C)C)C(=O)C4=CC=CC=C4[N+](=O)[O-],0.031,O=[N+]([O-])c1cccc[cH:1]1,0.034
CC1=CC(=CC=C1)C2=NN([C@H]([C@@H]2C3=CC=CC=C3OC)C(=O)N4CCOC4=O)C5=CC=C(C=C5)Br,0.093,O=C1OCCN1C(=O)[CH3:1],0.038
CC1=CC=CC=C1S(=O)(=O)NC(=O)C2=CC(=C(C=C2)CC3=CN(C4=C3C=C(C=C4)NC(=O)OC5CCCC5)C)OC,0.024,,
CC(C)CNS(=O)(=O)C1=CC=C(C=C1)CCC(=O)NC2=C(C=CC(=C2)Cl)OC3=CC=CC=C3,0.022,,
CC1CCN(CC1)C2=NN3C(=NN=C3CCC(=O)NCCCOC(C)C)C=C2,0.004,,
CCN(CC)C1=CC(=C(C=C1)/C=N/NC(=S)NCC2=CC=CC=C2)O,0.016,,
C1CCN(CC1)C(=O)NC2=CC=C(C=C2)S(=O)(=O)NC3=CC=CC=C3F,0.004,,
CN1C=NC2=C1C=CC(=C2)OC(=O)C3=CC=CC=C3,0.007,,
CC1=C(C(=CC=C1)NC2=NN=C(S2)SCC(=O)NC3=C(C=C(C=N3)C(F)(F)F)Cl)C,0.017,,
CCN(C1CCCCC1)C(=O)NC2=C(N=C(C(=C2)C(=O)OCC)C)C,0.006,,
C/C(=N\NC(=S)NC1CCCCC1)/C2=CC=C(C=C2)C#N,0.029,,
C1=CC=C2C(=C1)N=NN2CC(=O)C3=CC=C(C=C3)Cl,0.007,,
C1=CC=C(C(=C1)C(=O)N/N=C/C2=C(N(C(=O)NC2=O)CC3=CC=C(C=C3)F)O)O,0.087,O=c1[nH]c(=O)[nH:1]c(O)[cH:1]1,0.051
CC(=O)C1=CC=C(C=C1)OCCCC(=O)NC2=CC=C(C=C2)S(=O)(=O)N3CCOCC3,0.007,,
C1=CC=C(C=C1)CN2C(=C(C(=O)NC2=O)/C=N/NC(=O)C3=CC=CC=C3O)O,0.082,O=c1[nH][cH:1][n:1][cH:1]c1C=[NH:1],0.032
CC1=CC2=C(C=C1)N(C(C=C2)C#N)C(=O)C3=CC=CC=C3,0.028,,
COC1=CC=CC(=C1)C(=O)NC2=NC(=C(O2)C3=CC=CC=C3)C4=CC=CC=C4,0.007,,
C1=CC=C(C(=C1)C(=O)NC2=CC(=C(C=C2)OCC(C(F)F)(F)F)C(F)(F)F)O,0.017,,
C1OC2=C(O1)C=C(C=C2)NC(=O)CSC3=NC(=CC(=N3)C(F)(F)F)C4=CC=CO4,0.020,,
CC1=CC(=NC(=N1)N/N=C/C(=C/C2=CC=C(C=C2)C(C)C)/C)C,0.024,,
CCN(CC1=CC=CC=C1)S(=O)(=O)C2=CC=C(C=C2)C(=O)N3CCN(CC3)C4=NC5=CC=CC=C5S4,0.045,c1cc([S:1][NH2:1])ccc1[CH3:1],0.036
COC1=CC=C(C=C1)NS(=O)(=O)C2=CC3=C(C=C2)OC(=N3)NC4=CC5=C(C=C4)OCCO5,0.012,,
CC1=CC=C(C=C1)C(=O)NC(=C(Cl)Cl)C#N,0.018,,
CCC(C)N1C(=C(C(=O)NC1=S)/C=N/NC(=O)C2=CC=NC=C2)O,0.049,O=c1[nH]c(=S)[nH:1]c(O)[cH:1]1,0.052
CC1=CC2=NC(=C(N2C=C1)NCC3=CC4=C(C=C3)OCO4)C5=CC=C(C=C5)O,0.005,,
CC1=CC=C(C=C1)C(=O)N2CCN(CC2)C3=C(C=C4C(=C3)N(C(=O)N4C)C)[N+](=O)[O-],0.012,,
CC1=CC(=CC=C1)OCCNC2=C(C=CC(=C2)N3CCN(CC3)CCO)[N+](=O)[O-].Cl,0.016,,
CCCCCC(=O)NNC(=S)NC(=O)C1=CC(=CC=C1)[N+](=O)[O-],0.032,S=C(NN[CH2:1][CH3:1])N[CH2:1][CH3:1],0.043
CC1=CC(=CC(=C1)NC(=S)NC2=CC=CC=N2)C,0.011,,
CCOC1=CC=C(C=C1)CNC(=O)C2CCN(CC2)S(=O)(=O)C3=CC4=C(C=C3)NC(=O)CCC4,0.020,,
CSC1=CC=CC(=C1)NC(=O)CC2=CC=CC=C2[N+](=O)[O-],0.007,,
C1C(N(N=C1C2=CC=CC=C2)C3=CC=C(C=C3)C(=O)O)C4=CC=CC=C4,0.048,c1c[cH:1]ccc1N1N=[CH:1]C[CH2:1]1,0.046
CC1=CC(=CC=C1)C2=NNC(=S)N2CC3=CC=CC=C3,0.008,,
CC1=CC=C(C=C1)C(=O)COC(=O)CCN2C(=O)C3C4CC(C3C2=O)C(C4Br)Br,0.023,,
C/C(=N\NC(=O)C1=NC=CN=C1)/CC(=O)NC2CCCCCC2,0.018,,
CC1=C(C(=CC=C1)C)NC(=O)COC(=O)C2C3CC4C2C(=O)OC4C3,0.010,,
CC(C)(C)OC(=O)C[C@H]1C/C=C\C[C@H](C(=O)NC[C@@H](OC1=O)C2=CC=CC=C2)CC(=O)N[C@H](CC3=CC=CC=C3)CO,0.017,,
CC(C)(C)C1=CC(=CC(=C1O)C(C)(C)C)CCC(=O)NNC(=S)NC(=O)C2=CC=CC=C2,0.051,S=C(NN[CH2:1]CC[CH3:1])[NH2:1],0.051
CN(CC1=NC=CN=C1)C(=O)C2=NOC(=C2)COC3=CC=CC=C3SC,0.003,,
COC1=C(C=CC(=C1)C2CC(=NN2C(=O)CCl)C3=CC=CS3)OC(F)F,0.019,,
C1=CC=C2C(=C1)/C(=C/C3=C(N(C(=O)NC3=O)C4=CC=CC=C4F)O)/C=N2,0.014,,
C1CC(=O)N(C1)CCCNC(=O)C2=NN3C(=CC(=NC3=C2)C4=CC=CO4)C(F)(F)F,0.009,,
CC1=C(C(=CC=C1)OCC(=O)NNC(=S)NC)C,0.019,,
CCC1=NC2=C(C3=C(S2)CCCC3)C(=O)N1NC(=O)CCl,0.015,,
CC1=CC=C(C=C1)C2=NC(=O)/C(=C/C3=CC(=C(C(=C3)Br)O)O)/S2,0.009,,
CC1=CC(=NC(=N1)N2CCCC(C2)C(=O)NCCC3=CC=C(C=C3)F)C,0.002,,
C1CN(CCN1C2=CC=CC(=C2)C(F)(F)F)C(=O)C3=CC(=O)NC4=CC=CC=C43,0.020,,
CN1C=C(C2=CC=CC=C21)/C=N/N3C=NC4=C(C3=O)C(=CS4)C5=CC=CC=C5,0.011,,
CC(C)C1=C(N=NN1C2=NON=C2N)C(=O)N/N=C/C3=CC=CC=C3C(=O)O,0.025,,
CC1=CC(=C(C=C1Br)C)SCC(=O)N/N=C/C2=C(C=C(C=C2)O)O,0.015,,
CC1=CC=C(C=C1)C#CC[N+]2(CCCCC2)CC#C.[Br-],0.008,,
CC1=C(C(=NS1)S(=O)(=O)/C(=N/NC2=CC=CC(=C2)C(F)(F)F)/C#N)C#N,0.045,c1cc(N[NH2:1])cc([CH3:1])c1,0.071
CC(C)NC(=S)N/N=C/C1=C(C=CC(=C1)Br)O,0.020,,
COC1=CC=C(C=C1)C(=O)CC(=O)C(=O)NC2=CC(=C(C=C2OC)OC)Cl,0.020,,
CCOC(=O)C1=CC=C(C=C1)C2=CC=C(O2)C3NC4=CC=CC=C4C(=O)N3O,0.018,,
C=CCN(CC=C)C(=S)NC(=O)/C=C/C1=CC=CC=C1,0.011,,
C1=CC=C2C(=C1)C=C3C=CC=CC3=C2/C=N\NC(=S)N,0.058,C(=N\[NH2:1])\c1[cH:1][cH:1]c[cH:1][cH:1]1,0.048
C1C2CC3CC1CC(C2)(C3)C4=CC=C(C=C4)/C=N/NC(=S)N,0.028,,
CC1=C(C=C(C=C1)N2C(=NN=N2)SCC(=O)NC(C3=CC=CC=C3)(C4=CC=CC=C4)C(=O)O)C,0.004,,
CC1=NOC(=C1Cl)C(=O)N2CC3(CC2CC(C3)(C)C)C,0.005,,
CC(C)OC1=C(C=C(C(=C1)NC(=O)CSCC(=O)NC2=CC=CC(=C2)C(F)(F)F)Cl)Cl,0.017,,
C1=CC=C(C=C1)CCNC(=S)NC2=CC=CC=N2,0.005,,
C1=CC=C(C=C1)C2=C(C3=CC=CC=C3N2C4=CC=CC=C4)/C=N/NC(=O)CC#N,0.020,,
CC1=C(C=C(C=C1)C(=O)O)NC(=S)NC(=O)C2=CC=C(C=C2)COC3=CC=CC=C3,0.032,O=[CH:1]c1ccc([CH3:1])cc1,0.031
CCOC1=CC=C(C=C1)C2=C(N=NN2C3=NON=C3N)C(=O)N/N=C/C4=CC=C(C=C4)OC,0.012,,
CC1=CC(=CC=C1)NC(=S)NNC(=O)COC2=C(C=C(C=C2)Cl)Cl,0.035,O=C(C[OH:1])NNC(=S)[NH2:1],0.048
C1CC(=C(C1)NNC(=O)C2=CC(=CC=C2)O)C(=O)C(F)(F)F,0.034,C1CC(N[NH2:1])=C([CH2:1][CH3:1])C1,0.052
CC(C)(C)C1=C(C(C(=C(O1)N)C#N)C2=CN=CC=C2)C#N,0.011,,
CC1=C(C2=C(C=C1)C(=CC(=O)O2)CSC3=NN=C4N3C=CC=C4)C,0.005,,
COC1=CC(=C(C=C1)C(=O)NN2C=NC3=C(C2=O)C(=CS3)C4=CC=CS4)O,0.015,,
CC1=CC=C(C=C1)C2=NC3=CC=CC=C3C(=O)N2C4=NC=CC(=C4)C,0.011,,
C1=CC=C2C(=C1)C=CC(=C2/C=N/NC(=O)C3=CC(=CC=C3)C(F)(F)F)O,0.048,F[CH:1](F)c1ccc[cH:1]c1,0.081
CC(=O)NC(C1=CC(=CC=C1)OC)C2=C(C3=C(C=CC=N3)C=C2)O,0.010,,
C1=C(C=C(C(=C1O)O)O)C(=O)OCC2[C@@H]3[C@@H]([C@@H]([C@@H](O2)OC(=O)C4=CC(=C(C(=C4)O)O)O)OC(=O)C5=CC(=C(C6=C5[C@H]([C@@H](C(=O)O3)CC(=O)O)[C@@H](C(=O)O6)O)O)O)OC(=O)C7=CC(=C(C(=C7)O)O)O,0.430,,
CC1(C2CC=C(C1C2)/C=N/NC(=S)NC)C,0.032,C[CH:1]1C2CC=C([CH3:1])C1C2,0.039
CC(=O)NC1=CC=C(C=C1)N(C(C2=C(C=C(C=C2)OC)OC)C(=O)NCC3CCCO3)C(=O)CN4C5=CC=CC=C5N=N4,0.036,,
CC(C)NC(=O)/C=C/C1=CC(=C(C=C1)OCC2=CC=CC=C2)OC,0.002,,
C1=CC=C(C=C1)C(=O)N/C(=C\C2=CC=C(C=C2)[N+](=O)[O-])/C(=O)N/N=C/C3=C(C(=C(C=C3)O)O)O,0.060,C(=N/[NH2:1])\c1cc[cH:1][cH:1][cH:1]1,0.048
CC1=NN=C(NC1=O)SCC(=O)NNC(=O)C(C)C,0.024,,
CN(C)S(=O)(=O)C1=CC=CC(=C1)NC(=S)NNC(=O)C2=CC3=CC=CC=C3C=C2O,0.095,c1c([CH2:1]N[NH2:1])[cH:1]c[cH:1][cH:1]1,0.031
CN1CCN(CC1)CC(=O)NC2=CC(=CC=C2)[N+](=O)[O-],0.004,,
C1CN(CCN1C2=CC=CC=C2NC(=O)C3=CC(=CC=C3)[N+](=O)[O-])C(=O)C4=CC=C(C=C4)Cl,0.031,O=[N+]([O-])c1ccc[cH:1]c1,0.034
C1=CC=C(C=C1)COC2=CC=CC=C2/C=N\NC(=S)N,0.025,,
CCCC(=O)OC1=CC2=C(C=C1)C(=CC(=O)O2)C,0.009,,
C1=CC=C(C=C1)C2=C(N(C=N2)CCC(=O)N/N=C/C3=CC=CC=C3O)C4=CC=CC=C4,0.014,,
COC1=CC=C(C=C1)N(C(C2=CN=CC=C2)C(=O)NC3CCCCC3)C(=O)CCl,0.012,,
CCCCCN(C(=O)NC(=O)NC1=CC=C(C=C1)C)S(=O)(=O)C2=CC=CC=C2,0.006,,
CC1=C(C(=NN1C)C(=O)NNC(=S)NC2=CC=CC=C2OC)Br,0.015,,
C1CN(CCN1C2=CC=CC=C2)C(=O)C3=CC(=O)C4=CC=CC=C4O3,0.008,,
C1=CC=C(C=C1)C(=O)N/C(=C/C2=CC=CS2)/C(=O)N/N=C/C3=C(C=CC(=C3)[N+](=O)[O-])O,0.022,,
CCCCOC1=C(C=C(C=C1)CONS(=O)(=O)C2=CC=C(C=C2)NC(=O)C)Cl,0.009,,
CC1=C(C(=O)N(N1)C2=CC=CC=C2)/C=N/NC(=O)COC3=CC=CC=C3[N+](=O)[O-],0.025,,
CC1=CC=CC=C1SCC(=O)N/N=C/C2=C(C(=CC=C2)OC)O,0.009,,
CC(C)(C)OC(=O)CNC(=O)C1=C(N=CN1)C(=O)NC(C2=CC=CC=C2)C3=CC=CC=C3,0.013,,
CCCCC(=O)NC(C1=CC=CC=C1)C2=C(C3=C(C=CC=N3)C=C2)O,0.014,,
COC1=CC2=C(C=C1)C=C(C=C2)C(=O)N/N=C/C3=C(C4=CC=CC=C4S3)O,0.019,,
CC1=CC(=CC=C1)NC(=S)N=NC2=C(N(C3=CC=CC=C32)CC=C)O,0.007,,
CCC1=C(C(=CC=C1)CC)N(COC)C(=O)CN2C3=CC=CC=C3N=N2,0.002,,
CCOC1=CC=C(C=C1)N(CC(=O)NCCSCC2=CC=CO2)S(=O)(=O)C3=CC=C(C=C3)C,0.012,,
CC1=CC(=C(C=C1)C)S(=O)(=O)N2CCN(CC2)C(=O)C3=CC(=C(C=C3)N4CCCC4)[N+](=O)[O-],0.018,,
C/C(=N\NC(=S)NCCOC)/C1=CC=C(C=C1)OC,0.009,,
CN1C2=NC(=O)N(C(=O)C2=NC(=N1)C3=CC=CC=N3)C,0.012,,
CC1=CC(=C(C=C1)OC)NC(=O)CSC2=NC3=C(C(=CS3)C)C(=O)N2,0.005,,
CC1=NC2=CC=CC=C2C(=C1)C(=O)NN=C3CCCCC3,0.014,,
CCOC(=O)C1=C(SC(=C1)C2=CC=CC=C2)N,0.007,,
CCOC(=O)C1=C(OC2=C1C3=C(C4=CC=CC=C42)OCN(C3)CC5=CC=CC=N5)C,0.006,,
CCC1=C2C(=CC=C1)C(=CN2)C(=O)CCl,0.032,O=C(CCl)c1c[nH][cH:1][cH:1]1,0.103
CC1=CC=C(C=C1)NCCCC(=O)N/N=C(\C)/C2=CC=CC=N2,0.010,,
CC1=CC=C(C=C1)C(=O)C2=C3C=CC(=CC3=[N+](N2CCC(=O)N)[O-])C(F)(F)F,0.043,[O-][n+]1c2cc([CH:1](F)F)ccc2[cH:1]n1[CH3:1],0.033
CC1=NC=C(C(=C1O)/C=N/NC(=S)NC2=CC=C(C=C2)F)CO,0.016,,
C=CCC1=C(C(=CC=C1)/C=N/NC(=O)C2=CC(=NN2CC3=CC=CC=C3)[N+](=O)[O-])O,0.030,O=C(N[NH2:1])c1cc([N+](=O)[O-])n[nH:1]1,0.040
CC(C)C(=O)NC1=CC=CC(=C1)/C(=N/NC(=O)C2=CC(=C(C=C2)Cl)Cl)/C,0.015,,
CCC1=CC=C(C=C1)N(C(C2=CN=CC=C2)C(=O)NC3CCCC3)C(=O)C4=CC=CO4,0.007,,
CC1=CC(=C(N1C2=CC(=CC=C2)[N+](=O)[O-])C)C(=O)CCl,0.030,O=C(CCl)c1c[cH:1][nH:1][cH:1]1,0.103
C/C(=N\NC(=S)NCCOC)/C1=CC2=C(C=C1)C=C(C=C2)OC,0.008,,
C1=CC=C(C=C1)CN2C(=NN=C2SCC(=O)NNC(=O)C3=CC=CC=C3O)C4=CC=CC=C4,0.054,c1cc[cH:1]c([CH2:1]N[NH2:1])c1,0.031
COC1=C(C=C(C=C1Cl)C(=O)NN)Cl,0.046,Clc1cc([CH3:1])cc(Cl)[cH:1]1,0.033
CC1=C(C=CC2=C1OC(=O)C3=CC=CC=C23)OCC(=O)N[C@@H](CC4=CNC5=CC=CC=C54)C(=O)O,0.022,,
CC(C(=O)NCC1=CC2=C(C=C1)OCO2)N3C4=CC=CC5=C4C(=CC=C5)S3(=O)=O,0.015,,
CC1=C(C=C(C=C1)NC(=O)NC2=CN=CC=C2)Cl,0.011,,
C1=CC=C(C=C1)C2=NC(=CS2)COC(=O)CNS(=O)(=O)C3=CC4=CC=CC=C4C=C3,0.014,,
COC1=CC(=CC(=C1OC)OC)C(=O)NC2=NN=C(S2)SCC(=O)NCC3CCCO3,0.005,,
CCC1=NN=C(S1)NS(=O)(=O)C2=CC=C(C=C2)NC(=O)/C=C/C3=CC=CC=C3Cl,0.027,,
CC1=CC=C(C=C1)CN(C(C2=CC=CS2)C(=O)NCC3=CC=CO3)C(=O)CN4C5=CC=CC=C5N=N4,0.056,,
CC1=CC(=CC=C1)N2C(C(C(=C2N)C#N)(C#N)C#N)C3=CC=CC=C3,0.072,N#CC1=[CH:1][NH:1][CH2:1]C1(C#N)C#N,0.033
C1=CC=C2C(=C1)N=NN2CC(=O)N(CC3=CC=CS3)C(C4=CC=CO4)C(=O)NCC5=CC=CO5,0.048,,
CCC1=NN=C(S1)NC(=O)CSC2=NC=CN2C3=CC=CC(=C3)C,0.002,,
CC(C)(C)C1=NN=C(N(C1=O)/N=C/C2=CC(=C(C=C2)O)OC)SC,0.004,,
CCN(CC)S(=O)(=O)C1=CN=C(C=C1)N/N=C/C2=C(C(=CC=C2)OCC)O,0.026,,
C1=CC=C(C=C1)COCC2=C3C=CC=NC3=C(C(=C2)CNC4=CC=CC=C4)O,0.009,,
CC1(CC(=C(C(=O)C1)C=NC2=CC=C(C=C2)OC)O)C,0.002,,
C/C(=N\NC(=O)C1=CC2=CC=CC=C2C=C1O)/CC(=O)N3CCN(CC3)C=O,0.042,c1c([CH2:1]N[NH2:1])[cH:1]c[cH:1][cH:1]1,0.031
CN1C2=CC=CC=C2N3C1=NN(C(=O)C3=O)CC(=O)C4=CC=C(C=C4)Cl,0.016,,
C1=CC=C(C(=C1)CN2C=CSC2=NC(=O)CCl)Cl,0.023,,
COC(=O)CC1COC2=CC=CC=C2N1C(=O)/C=C/C3=CC=CC=C3,0.010,,
COC1=CC=CC=C1C(=O)NC2=NC3=CC=CC=C3S2,0.006,,
CCNC1=CC=CC=C(C1=O)C2=NC3=CC=CC=C3C=C2,0.006,,
CC1=CC(=NN1)C(=O)NNC(=S)NC(=O)/C=C/C2=CC=CC=C2Cl,0.124,O=C(C=[CH2:1])NC(=S)N[NH2:1],0.057
C1=CC=C(C=C1)CN2C=C(C(=N2)C3=CN=CC=C3)C=O,0.004,,
C1CC2=C(C1)C=C(C=C2)N(C(C3=CC=CO3)C(=O)NCC4=CC=CO4)C(=O)CN5C6=CC=CC=C6N=N5,0.033,,
C/C(=N\NC(=S)NC1CCCCC1)/C2=CC=CC=C2,0.040,c1ccc(/[CH:1]=N/[NH2:1])cc1,0.048
C1CN(CCN1C(=O)CC2=CC(=O)NC(=O)N2)C(=O)C3=CC=CO3,0.006,,
CC1=CC=C(C=C1)S(=O)(=O)NC2=C3C=CC=NC3=C(C=C2)O.Cl,0.020,,
CC1=CC=C(C=C1)C2C3=C(NC4=C2C(=O)CC(C4)(C)C)ON=C3C,0.003,,
C1=CC=C(C=C1)C2=CC=CC=C2C(=O)NC3=CC(=C(C=C3)F)F,0.009,,
CCN(CC)C(=O)C1=CC(=CC=C1)NC(=O)C2=COCCO2,0.005,,
C1=CC=C(C=C1)COC2=CC=CC(=C2)/C=C(/C3=CC=C(C=C3)F)\C(=O)O,0.027,,
CN(CCC1=CC=CC=C1)C(=O)C2=NOC(=C2)COC3=CC=CC(=C3)C(F)(F)F,0.016,,
CC(=O)C1=C(NC(=C1)C2=CC=CC=C2)N3CCCC3,0.017,,
CCOC1=CC=C(C=C1)NC(=O)CSC2=NN=C(C=C2)C3=CC=CC=N3,0.007,,
C1C(OC2=CC=CC=C2O1)C(=O)NC3=NC(=CS3)C4=CC=CC=N4,0.013,,
COC1=C(C=C(C=C1)/C=N/NC(=S)N)OC(=O)C2=CC=CC=C2,0.020,,
CC1CCN(CC1)C(=S)SCC2=NC(=NC(=N2)NC3=CC=CC=C3OC)N,0.002,,
C1CSC(=N1)SCC2=C(N=NN2C3=NON=C3N)C(=O)N/N=C/C4=C(C=CC(=C4)Br)O,0.009,,
C1CCN(CC1)C(=S)C2=CC=C(O2)C3=CC=CC=C3Cl,0.004,,
C1CCN(CC1)S(=O)(=O)C2=C(C=CC(=C2)NC(=O)C3=CC=NC=C3)Cl,0.008,,
C1=CC=C(C=C1)OCC2=NC3=CC=CC=C3C(=O)N2/N=C/C4=C(C=CC(=C4)[N+](=O)[O-])O,0.020,,
CC1=CC=C(C=C1)C2CC2C(=O)NNC(=S)NC3=CC(=CC=C3)Cl,0.021,,
COC1=CC=C(C=C1)NC(=O)C2=CC3=C(C=C2)C(=O)N(C(=S)N3)C4=C(C=C(C=C4)OC)OC,0.010,,
CCOC1=CC=C(C=C1)C2C(=C(C(=O)N2C3=NC(=C(S3)C(=O)OC)C)O)C(=O)C4=CC=C(O4)C,0.012,,
CC1=CC(=C(N1CC2=CC=CO2)C)C3=NNC(=NC4CC4)SC3,0.002,,
CCCCCN1C(=NC2=C1C(=O)NC(=O)N2C)CN3CCN(CC3)CC4=CC=CC=C4,0.004,,
C1COCCN1C(=O)CN2C=C(C3=CC=CC=C32)/C=C/4\C(=O)NC(=O)N(C4=O)C5=CC=CC=C5F,0.022,,
CC1=C2C(=CC=C1)C(=O)C(=O)N2CCOC3=CC=CC=C3,0.046,O=C1C(=O)[CH:1]=[CH:1]N1C[CH3:1],0.040
CC1=CC(=C(C=C1)C)/C=N/NC(=S)NC(C)C,0.038,CC(C)NC(=S)NN=[CH2:1],0.065
COC1=C(C=CC(=C1)/C=N/NC(=O)/C(=C\C2=CC3=C(C=C2)OCO3)/NC(=O)C4=CC=CC=C4)O,0.045,C(=N/[NH2:1])\c1cc[cH:1][cH:1]c1,0.048
CCCCC(=O)NC(C1=CC=C(C=C1)C(C)C)C2=C(C3=C(C=CC=N3)C=C2)O,0.018,,
CCN1C=C(C=N1)C(=O)NC(=S)NC2=CC=CC=C2[N+](=O)[O-],0.012,,
CN1CCN(CC1)CC2=CC(=C3C=CC=NC3=C2OC(=O)C4=CC=CS4)Cl,0.006,,
CCOC(=O)C1CCN(CC1)C(=O)COC2=CC=CC(=C2)C,0.004,,
COC1=CC=C(C=C1)C2=CC(=NN2)N3C(=O)NC4=CC=CC=C4N3O,0.035,O=C1N[CH:1]=[CH:1]N(O)N1[CH3:1],0.037
CC1=C(C=CC=C1[N+](=O)[O-])C(=O)NC2=CC(=C(C=C2)NC(=O)C3=CC=CO3)OC,0.011,,
C1CC(CCC1NC(=O)C2=CC=C(O2)Br)O,0.044,O=C(NC1CCC(O)CC1)c1cc[cH:1]o1,0.034
C1C(CN(C1=O)CC(=O)N/N=C/C2=C(C=CC(=C2)Br)O)C3=CC=CC=C3,0.009,,
C1COCCN1CCCN2C(C(=C(C2=O)O)C(=O)C3=CC4=CC=CC=C4O3)C5=CC=NC=C5,0.007,,
CN(C)S(=O)(=O)C1=CC=C(C=C1)C(=O)NCC2=CC3=C(C=C2)NC4=C3CCCC4,0.020,,
CC1=C(C(=O)N(N1)C2=CC=CC=C2)/C(=N/NC(=O)C3=CC=CC=C3)/C,0.031,Cc1[nH][n:1][cH:1]c1/[CH:1]=N/[NH2:1],0.047
CC1=C(C=CC(=C1)Cl)OC(C)C(=O)NC2=CC=C(C=C2)S(=O)(=O)NC3=NC4=CC=CC=C4N=C3,0.037,c1cc([S:1][NH2:1])ccc1[NH2:1],0.030
C1CCN(C1)CCCCCOC2=CC=CC=C2F,0.002,,
CC1CCN(CC1)C2=C3C(=C(SC3=NC(=N2)C)C(=O)NC4=CC5=C(C=C4)OCCO5)C,0.015,,
CC1=C(C=C(C=C1)S(=O)(=O)NCCC(=O)NCC2=CC3=C(C=C2)OCO3)C,0.005,,
C1=CC=NC(=C1)NC(C2=CN=CC=C2)C3=CC(=C4C=CC=NC4=C3O)Cl,0.022,,
CC(=O)NC1C2=C(C=CC(=C2)Cl)N(C1=O)CCN3CCOCC3.Cl,0.015,,
CC1=CC(=C(C=C1)NC(=O)CCC(=O)NNC(=O)C(C2=CC=CC=C2)C3=CC=CC=C3)C,0.053,C(C[CH2:1]NN[CH2:1][CH2:1][CH3:1])[CH3:1],0.046
CCC(C)(C)NC(=O)C(C1=CC=CN1C)N(C2=CC=C(C=C2)NC(=O)C)C(=O)CN3C4=CC=CC=C4N=N3,0.032,,
CC1=NC2=CC=CC=C2C(=C1)C(=O)N/N=C/C3=C(C(=CC(=C3)Cl)[N+](=O)[O-])O,0.087,C(=N/[NH2:1])\c1c[cH:1]c[cH:1][cH:1]1,0.048
CCOC1=CC=C(C=C1)CNC(=S)NCC2=CC=C(C=C2)OCC,0.004,,
CC1=C(C(=CC=C1)C)NC(=O)NN(C(=O)C2=CC=CC=C2)C(C)(C)C,0.022,,
C/C(=N\NC(=S)N)/CC(C1=CC=CC=C1)C2=C(C3=CC=CC=C3OC2=O)O,0.068,O=c1o[cH:1][cH:1]c(O)c1C(C/[CH:1]=N/N[CH:1]=S)[CH3:1],0.033
CC1=CSC(=C1)CNC2=NC=NC3=C2C=C(C=C3)C4=CC(=CC=C4)OC,0.007,,
CS(=O)(=O)NC1=CC=C(C=C1)C(=O)NC2=CC=CC=C2C(=O)N3CCCC3,0.004,,
COC1=C(C=C(C=C1)NC(=O)CSC2=NN=C(C=C2)C3=CC=CC=N3)OC,0.005,,
CC1=CC=C(C=C1)C(=O)NC(=S)NC2=C(C=CC3=NSN=C32)C,0.008,,
CCC(C)NCCCOC1=C(C=C(C=C1)/C=C/C)OC.C(=O)(C(=O)O)O,0.005,,
CC(C)(C)OC(=O)NCCC(=O)OC1=CC2=C(C=C1)C=CC(=O)O2,0.003,,
CN1C(=NNC1=S)C23CC4CC(C2)CC(C4)C3,0.009,,
COC1=CC(=C(C=C1)OC)C2C=C(NC(=S)N2)C34CC5CC(C3)CC(C5)C4,0.006,,
CC(C)(C)C1CCC2=C(C1)C(=NO2)C(=O)NC3=CN=CC=C3,0.002,,
C1=CC=C(C=C1)C2=CSC(=C2C(=O)O)NC(=O)/C=C/C3=CC=CS3,0.010,,
CCC(=O)NC(C1=CC=C(C=C1)C)C2=CC(=C3C=CC=NC3=C2O)[N+](=O)[O-],0.025,,
COC1=CC=C(C=C1)N2CCN(CC2)C(=O)C3=CC(=O)NC4=CC=CC=C43,0.012,,
CC(=O)NC1=CC=C(C=C1)N(C(C2=CC=C(C=C2)OC)C(=O)NCC3CCCO3)C(=O)CN4C5=CC=CC=C5N=N4,0.033,,
CN(CC1=C(N=NN1C2=NON=C2N)C(=O)N/N=C/C3=CC(=CC=C3)OC)C4=CC=CC=C4,0.014,,
CC1=C(ON=C1C)NS(=O)(=O)C2=CC=C(C=C2)NC(=O)C3=C(C4=C(O3)C=CC(=C4)Cl)C,0.035,c1cc([S:1][NH2:1])ccc1[NH2:1],0.030
C[C@@H]1CN(C(=O)CC2=C(C=CC(=C2)NC(=O)NC3=C(ON=C3C)C)O[C@H]1CNC)[C@H](C)CO,0.012,,
CN(C1=C(C=CC(=C1)S(=O)(=O)NC2=CC=C(C=C2)F)OC)S(=O)(=O)C3=CC=C(C=C3)Cl,0.013,,
CCCCNC(=O)N(C1C(SC(=S)N1/N=C/C2=CC=C(C=C2)N(C)C)(C)C)O,0.033,C(=N/[NH2:1])\c1cc[cH:1]cc1,0.048
COC1=C(C=C(C=C1)C2NC3=CC=CC=C3C(=O)N2O)CN4CCOCC4,0.009,,
C1=CC=NC(=C1)NC(=O)C2=C(N=CN2)C(=O)NN,0.021,,
CC1=CC=C(C=C1)SCC(=O)C2=C(N=C(S2)C3=CC=CC=C3)C,0.011,,
C1CC2=C(C1)SC(=C2C#N)NC(=S)NC(=O)C3=CC=CC=C3,0.007,,
C1=CC2=C(C=C1C(=O)NCCO)NC(=C(C2=O)O)C3=CC(=C(C(=C3)Cl)N)Cl,0.041,O=c1c(O)[cH:1][nH]c2cc([CH:1]=O)ccc12,0.032
C1=CC=C2C(=C1)C=CC(=C2/C=N\NC(=O)C3=CC(=CN=C3)Br)O,0.022,,
C1CCC2=C(C1)C(=C(N=C2C3=CC=CC=C3)N4CCN(CC4)C(=O)C5=CC=CC=C5Cl)C#N,0.012,,
CCC1=CC=C(C=C1)S(=O)(=O)/N=C/2\C=C(C(=O)C3=CC=CC=C32)NC4=CC=C(C=C4)C(=O)O,0.051,c1cc([S:1][NH2:1])ccc1[CH3:1],0.036
CC1=NN(C=C1/C=N/NC(=S)NC2=C(C=C(C=C2)Cl)Cl)C,0.012,,
C/C(=N\N=C(/N)\SC1CC(=O)N(C1=O)C2=CC(=CC=C2)Cl)/C3=CC=CS3,0.047,c1csc(/[CH:1]=N/N=[CH2:1])c1,0.037
COC1=CC=CC=C1N2CCN(CC2)CC(COC3=CC=CC4=CC=CC=C43)O,0.010,,
CC1=C(C(=NN1C)C)/C=C\2/CC3C4CC=C5CC(CCC5(C4CCC3(C2=O)C)C)O,0.016,,
C1=CC=C(C=C1)CN2C=C(C3=CC=CC=C32)/C=C/[N+](=O)[O-],0.008,,
CN(C)C1CCN(C1)CC2=CC(=C3C=CC=NC3=C2O)COCC4=CC=CC=C4,0.004,,
C/C(=N\NC(=O)C1=CC(=C(C=C1)Cl)Cl)/CN2N=C(N=N2)[N+](=O)[O-],0.011,,
CC1=CC(=C(C=C1)C)OC(C)C(=O)NC2=NC=CS2,0.007,,
[B-](C1=CC=CC=C1)(C2=CC=CC=C2)(C3=CC=CC=C3)C4=CC=CC=C4.CC1=[N+](C=CC(=C1)OC)OC(=O)N2CCCCC2,0.031,O=C([NH2:1])[OH:1].c1cc[cH:1]cc1,0.045
CN1C=CC=C1/C=N/NC(=S)N,0.041,S=[CH:1]N/N=C/c1ccc[nH:1]1,0.080
CN1C=CC=C1C(=S)N=P(C2CCCCC2)(N3CCOCC3)N4CCOCC4,0.012,,
CC(C)C[C@H]1CN=C(N1CCCCC2=CC=CC=C2)N(C)C,0.004,,
COC1=CC=CC=C1OCCNC(=O)C2=CC(=O)NC3=CC=CC=C32,0.010,,
CC1=NC(=C(O1)N/N=C/C2=C(C=CC=C2Cl)F)C#N,0.022,,
CC1=CC(=O)OC2=C1C=CC(=C2)NC(=O)C3=CC=CC=C3OC(F)F,0.026,,
CCOC(=O)N1CCN(CC1)S(=O)(=O)C2=CC=C(C=C2)C(=O)NNC3=NC4=C(C=CC=C4S3)C,0.168,n1c(NN[CH2:1][CH3:1])s[cH:1][cH:1]1,0.045
