smiles,activity,non-covalent,covalent,dimer,surface,xtal-contact
CS(=O)(=O)NCCC=1C=CC=CC1,1,1,0,0,0,0
CC(=O)NCCC1=CNC=2C=CC(F)=CC12,1,1,0,0,0,0
CC(=O)NC=1C=NC=CC1C,1,1,0,0,0,0
COC(=O)C=1C=CC(=CC1)S(=O)(=O)N,1,1,0,0,0,0
CN1CCCC=2C=CC(=CC12)S(=O)(=O)N,1,1,0,0,0,0
CCNC=1C=CC(C#N)=CN1,1,1,0,0,0,0
CN1CCN(CC1)C(=O)COC=2C=CC(C)=CC2,1,1,0,0,0,0
OC1CCN(CC=2C=CSC2)CC1,1,1,0,0,0,0
O=C(NC=1C=CC=CC1)NC=2C=CC=NC2,1,1,0,0,0,0
O=C(NCCC=1C=CN=CC1)NC2CCCCC2,1,1,0,0,0,0
O=C(CC1CCCCC1)NC=2C=CC=NC2,1,1,0,0,0,0
O=C([C@@H]1[C@H](C2=CSC=C2)CCC1)N,1,1,0,0,0,0
BrC1=CC=C(S(N)(=O)=O)C=C1,1,1,0,0,0,0
Cl.CCC(=N)N,1,1,0,0,0,0
NC=1C=NC=NC1,1,1,0,0,0,0
N#CC=1C=CC(=CN1)N2CCCOCC2,1,1,0,0,0,0
CN1CCN(CC1)C(=O)CC1=CNC2=NC=CC=C12,1,1,0,0,0,0
O=C(NCC=1C=CC(C#N)=CC1)N2CCOCC2,1,1,0,0,0,0
CC(=O)NC(Cc1ccc(cc1)O)C(=O)NCC#CBr,1,1,0,0,0,0
ClCC(=O)N1CCN(CC1)S(=O)(=O)c2cccs2,1,0,1,0,0,0
Fc1cccc(c1)S(=O)(=O)N2CCN(CC2)C(=O)CCl,1,0,1,0,0,0
Cc1cccc(CN2CCN(CC2)C(=O)CCl)c1,1,0,1,0,0,0
[O-][N+](=O)c1ccccc1N2CCN(CC2)C(=O)CCl,1,0,1,0,0,0
ClCC(=O)N1CCCC(C1)c2nc3ccccc3s2,1,0,1,0,0,0
ClCC(=O)NCc1ccc2OCOc2c1,1,0,1,0,0,0
Fc1cccc(F)c1S(=O)(=O)N2CCN(CC2)C(=O)CCl,1,0,1,0,0,0
Fc1ccc(cc1)C2CN(CCO2)C(=O)CCl,1,0,1,0,0,0
Fc1ccccc1S(=O)(=O)N2CCN(CC2)C(=O)CCl,1,0,1,0,0,0
ClCC(=O)N1CCN(Cc2cccc(Cl)c2)CC1,1,0,1,0,0,0
ClCC(=O)N1CCN(CC1)S(=O)(=O)c2ccccc2C#N,1,0,1,0,0,0
ClCC(=O)Nc1cccc(c1)C(=O)N2CCSCC2,1,0,1,0,0,0
CC(NC(=O)CCl)c1cccc2ccccc12,1,0,1,0,0,0
ClCC(=O)N1CCN(Cc2cccc3ccccc23)CC1,1,0,1,0,0,0
Cc1ccccc1CN2CCCN(CC2)C(=O)CCl,1,0,1,0,0,0
ClCC(=O)N1CCN(CC1)S(=O)(=O)c2ccc(Cl)cc2,1,0,1,0,0,0
ClCC(=O)N(C1CS(=O)(=O)C=C1)c2ccccc2,1,0,1,0,0,0
ClCC(=O)N1CCN(Cc2ccc(Cl)s2)CC1,1,0,1,0,0,0
Cc1ccc(C)c(c1)S(=O)(=O)N2CCN(CC2)C(=O)CCl,1,0,1,0,0,0
COc1cccc2sc(NC(=O)CCl)nc12,1,0,1,0,0,0
ClCC(=O)N1CCC(CC1)NC(=O)c2ccccc2,1,0,1,0,0,0
Oc1ccccc1NC(=O)C2CCN(CC2)C(=O)CCl,1,0,1,0,0,0
Cc1ccc(cc1)N(C2CS(=O)(=O)C=C2)C(=O)CCl,1,0,1,0,0,0
Fc1ccc(cc1)N(C2CS(=O)(=O)C=C2)C(=O)CCl,1,0,1,0,0,0
ClCC(=O)N1CCC(CC1)C(=O)N2CCCCC2,1,0,1,0,0,0
CC(NC(=O)CCl)c1cccc(Cl)c1,1,0,1,0,0,0
ClCC(=O)Nc1cccc(c1)N2CCCC2=O,1,0,1,0,0,0
ClCC(=O)N1CCN(Cc2ccc(Br)s2)CC1,1,0,1,0,0,0
ClCC(=O)N1CCN(Cc2ccsc2)CC1,1,0,1,0,0,0
ClCC(=O)N1CC(c2ccccc2)c3ccccc3C1,1,0,1,0,0,0
ClCC(=O)N1CCN(CC1)S(=O)(=O)c2ccc(Cl)s2,1,0,1,0,0,0
ClCC(=O)N1CCN(CC1)C(=O)c2cccs2,1,0,1,0,0,0
ClCC(=O)N1CCN(Cc2cccs2)CC1,1,0,1,0,0,0
COc1ccc(cc1)N2CCN(CC2)C(=O)CCl,1,0,1,0,0,0
CC(C)N(C)C(=O)C1CCN(CC1)C(=O)CCl,1,0,1,0,0,0
ClCC(=O)Nc1cccnc1Cl,1,0,1,0,0,0
CC(=O)N1CCN(CC1)C(=O)CCl,1,0,1,0,0,0
C[C@H](O)[C@H](NC(=O)C)C(=O)NCC#CBr,1,0,1,0,0,0
CC(NC(CC(N)=O)C(NCC#CBr)=O)=O,1,0,1,0,0,0
OCC1(C2=NC=CC=C2)CCCC1,1,0,0,1,0,0
CN1C=CC(=N1)C(=O)NC[C@@H]2CCCO2,1,0,0,1,0,0
OC1CS(=O)(=O)C1,1,0,0,0,1,0
OC=1C=CC=CC1CNC2=NC=3C=CC=CC3N2,1,0,0,0,1,0
CC1C(O)CCCN1CC=2C=CC=CC2,1,0,0,0,1,0
C(CN1CCOCC1)SC=2C=CC=CC2,1,0,0,0,0,1
ClC=1C=CC=C(CN2CCOCC2)C1,1,0,0,0,0,1
COC(=O)C=1C=CC=C(NS(=O)(=O)C)C1,1,0,0,0,0,1
NC(=O)C1CCN(CC1)C(=O)NC=2C=CC=CC2,1,0,0,0,0,1
CC(=O)NC=1C=CC(OC=2N=CC=CN2)=CC1,1,0,0,0,0,1
CCNCC1=CN(C)N=N1,1,0,0,0,0,1
COC(=O)NC=1SC(C)=NC1C=2C=CC=CC2,1,0,0,0,0,1
FC=1C=CC=C(CNCC2=CC=CO2)C1,1,0,0,0,0,1
OC=1C=CC=CN1,1,0,0,0,0,1
CC1CN(CCO1)C(=O)CN2C=CC=N2,1,0,0,0,0,1
CS(=O)(=O)CC1=NC=2C=CC=CC2N1,1,0,0,0,0,1
NC(=O)C=1C=CC(NC(=O)[C@@H]2CCCO2)=CC1,1,0,0,0,0,1
NC=1C=CC(=CC1)S(=O)(=O)NC=2C=CC=CN2,1,0,0,0,0,1
O=C(N1CCCCCC1)C=2C=CC=3OCOC3C2,1,0,0,0,0,1
CC(=O)NCC=1C=CC(=CC1)S(=O)(=O)N,1,0,0,0,0,1
CN1CCN(CCN)CC1(C)C,0,0,0,0,0,0
CC(=O)NC1CCC(N)CC1,0,0,0,0,0,0
CC(=O)N1CCCC2(C1)CCCCCC2,0,0,0,0,0,0
CNC(=O)C1=C(C)ON=C1C=2C=CC(F)=CC2,0,0,0,0,0,0
C(NC1CC1)C2CCOC2,0,0,0,0,0,0
CC(=O)N1CCOC(CO)C1,0,0,0,0,0,0
C[C@H](O)CNC(=O)NC=1C=CC=CC1,0,0,0,0,0,0
CC(=O)C=1C=CC(OC(F)F)=CC1,0,0,0,0,0,0
C1=NN=NN1C=2C=CC(=CC2)C=3C=CC=CC3,0,0,0,0,0,0
CC=1C=CC(=CC1)N2CCN(CC2)C(=O)N,0,0,0,0,0,0
COC=1C=CC(C)=CC1NC(=O)CN,0,0,0,0,0,0
CC(C)N1C=C(N=N1)C(=O)O,0,0,0,0,0,0
OC(=O)CC=1C=CC(=CC1)C=2C=CC=CC2,0,0,0,0,0,0
CNC(=O)C=1C=CC=C(N1)C(=O)O,0,0,0,0,0,0
COC=1C=CC(CCC2(C)NC(=O)NC2=O)=CC1,0,0,0,0,0,0
CC(OC=1C=CC(C#N)=CC1)C(=O)N,0,0,0,0,0,0
C[C@@H](CO)NC=1N=CC(Cl)=CC1F,0,0,0,0,0,0
CN1C=C(C(=O)N)C(=N1)C(F)F,0,0,0,0,0,0
CSC1=NSC(NC(=O)C)=N1,0,0,0,0,0,0
CC(=O)NC=1C=CC(=CC1)C2=CSC(N)=N2,0,0,0,0,0,0
CC(NC(=O)C)C1=NN=C2C=CC=CN12,0,0,0,0,0,0
CC(=O)N1CCN(CC1)C=2C=CC(Cl)=CC2,0,0,0,0,0,0
CC(=O)N1CCCC(C1)C(=O)N,0,0,0,0,0,0
CS(=O)(=O)NC1CCCC1,0,0,0,0,0,0
O=C(NC=1C=CC=2N=CC=CC2C1)C=3C=CC=CC3,0,0,0,0,0,0
CN(C(=O)C)C=1C=CC=CC1C(=O)O,0,0,0,0,0,0
CNC1CCN(C1=O)C=2C=CC=CC2F,0,0,0,0,0,0
CC(=O)N1CCC(CC1)C2=CNC=3C=CC=CC23,0,0,0,0,0,0
[O-]C(=O)C=1C=CC=CC1OC(F)(F)F,0,0,0,0,0,0
NC(=O)C1=CNC(=N1)C2CC2,0,0,0,0,0,0
CN1N=C(C(=O)N)C=2C=CC=CC12,0,0,0,0,0,0
CNC1CCCN(C1)C=2C=CC=NN2,0,0,0,0,0,0
COC=1C=CC(=CC1)N2CC(CC2=O)C(=O)N,0,0,0,0,0,0
C(NC=1C=CN=CC1)C2CCCO2,0,0,0,0,0,0
CN(C)S(=O)(=O)N1CCN(C)CC1,0,0,0,0,0,0
CN1CCC[C@H](C1)OC(=O)C2=CC=CO2,0,0,0,0,0,0
CCN1C=C(CCO)C=N1,0,0,0,0,0,0
CCN1C=CC(CNC)=N1,0,0,0,0,0,0
O=C1CN(CC=2C=CC=CC2)CC(=O)N1,0,0,0,0,0,0
CS(=O)(=O)N1CCC(O)CC1,0,0,0,0,0,0
CC(CS(=O)(=O)N)C=1C=CC=CC1,0,0,0,0,0,0
CC(=O)N1CCN(CC1)C(=O)N,0,0,0,0,0,0
CC(=O)NC(C)(C1CC1)C(=O)O,0,0,0,0,0,0
CC(OC=1C=CC(Cl)=CC1)C(=O)N,0,0,0,0,0,0
CC(C)N1C=NC(=C1)S(=O)(=O)N,0,0,0,0,0,0
CC(=O)NC=1C=CC(CC(=O)N)=CC1,0,0,0,0,0,0
CCOC=1C=CC=CC1N2CCNCC2,0,0,0,0,0,0
CC(=O)NC=1C=CC(C)=C2NCCCC12,0,0,0,0,0,0
O=C(CC=1C=CC=CC1)N2CCC=3C=CC=CC23,0,0,0,0,0,0
CN(C)S(=O)(=O)C=1C(C)=NNC1C,0,0,0,0,0,0
CC(N)C=1C=CC(=CC1)C=2C=NC=NC2,0,0,0,0,0,0
NC(=O)C(O)C1CCOCC1,0,0,0,0,0,0
CC=1C=CC(CC(=O)NC2=NC=CS2)=CC1,0,0,0,0,0,0
CNC(=O)NCC=1C(F)=CC=CC1Cl,0,0,0,0,0,0
CC(C)NC(=O)N(C)CC=1C=NN(C)C1,0,0,0,0,0,0
CC(C)(C)N1CC(O)C1,0,0,0,0,0,0
CCC(=O)NC1=C(OC=2C=CC=CC12)C(=O)N,0,0,0,0,0,0
NCC=1C=CC=CC1OC(F)(F)F,0,0,0,0,0,0
CC(=O)NC1=CC=CC2=NON=C12,0,0,0,0,0,0
CCC(CC)C(=O)NC1=NC=CS1,0,0,0,0,0,0
CC(C)(N)CN1CCCC1,0,0,0,0,0,0
CC(=O)NC=1C=C(C=CC1F)C(=O)O,0,0,0,0,0,0
CC(=O)NCC=1C=NNC1,0,0,0,0,0,0
CCCC1=CC(=O)OC=2C=C(OC(=O)C)C=CC12,0,0,0,0,0,0
FC=1C=CC=CC1CNC=2C=NNC2,0,0,0,0,0,0
CN(CC=1C=CC=C(F)C1)S(=O)(=O)N,0,0,0,0,0,0
CCC1=CC(=O)N2N=C(NC)SC2=N1,0,0,0,0,0,0
CC1=NOC(NC(=O)CC2CCCC2)=N1,0,0,0,0,0,0
OC(=O)C=1C=CC(OCC=2C=CC=CC2)=CC1,0,0,0,0,0,0
CC(=O)NCC1(O)CCCC1,0,0,0,0,0,0
COC=1C=C(CN)C=C(OC)C1OC,0,0,0,0,0,0
COCC1=CC(=NO1)C(=O)N,0,0,0,0,0,0
CC(C)C(=O)NCC1=NC=2C=CC=CC2N1,0,0,0,0,0,0
CNC(C)C=1C=CC(F)=CC1,0,0,0,0,0,0
CC=1N=CSC1C(=O)N2CCNC(=O)C2,0,0,0,0,0,0
CS(=O)(=O)N1CCCC(C1)C(=O)O,0,0,0,0,0,0
NC(=O)N1CCN(CC1)C=2C=CC(F)=CC2,0,0,0,0,0,0
CCOC(=O)C=1SC(=NC1C)C=2C=NC=CN2,0,0,0,0,0,0
O=C(CC#N)N1CCC(CC=2C=CC=CC2)CC1,0,0,0,0,0,0
OC(=O)C=1C=CC=C(NC(=O)C2=CC=NO2)C1,0,0,0,0,0,0
COCC1=NN=C(N)S1,0,0,0,0,0,0
CCN1N=C(CC1=O)C(F)(F)F,0,0,0,0,0,0
CCC1=NC(=NO1)C2CCCN2,0,0,0,0,0,0
CN1N=CC(Cl)=C1C(=O)N2CCCCC2,0,0,0,0,0,0
[O-]C(=O)COCC=1C=CC=CC1,0,0,0,0,0,0
COC(=O)C=1C=CN=CC1,0,0,0,0,0,0
CNCC=1C=CC(=CC1)C(F)(F)F,0,0,0,0,0,0
CC(=O)N1CCC(CC1)C#N,0,0,0,0,0,0
CNC=1C=CC=CC1S(=O)(=O)C,0,0,0,0,0,0
CC(=O)NC=1C=CC=CC1O,0,0,0,0,0,0
CC(C)C=1N=CC(Cl)=C(N1)C(=O)N,0,0,0,0,0,0
NC=1C=CC=CC1OCC=2C=CC=CC2,0,0,0,0,0,0
OCC1=CN(N=N1)C=2C=CC(Cl)=CC2,0,0,0,0,0,0
CS(=O)(=O)CC(O)C=1C=CC=CC1,0,0,0,0,0,0
ONC(=O)C=1C=CC=2C=CC=CC2N1,0,0,0,0,0,0
CNC=1N=CC=C(OC)N1,0,0,0,0,0,0
CC=1C=C(N=C(C)N1)N2CCNCC2,0,0,0,0,0,0
CC(=O)NC=1C=CC=CC1CC(=O)O,0,0,0,0,0,0
COC=1C=CC(=CC1)C(=O)C2CCNCC2,0,0,0,0,0,0
CC=1C=CC=CC1CC(=O)N,0,0,0,0,0,0
NCC1=CC(=NO1)C=2C=CC=CC2,0,0,0,0,0,0
CCC(=O)NC=1C=CC=2NC(=O)NC2C1,0,0,0,0,0,0
CCOC=1C=CC(=CN1)C(=O)N,0,0,0,0,0,0
C1=CSC(=C1)C2=NC=CN2,0,0,0,0,0,0
COC(C)C1=NC(=CS1)C=2C=NOC2C,0,0,0,0,0,0
CC(=O)N1CC(C1)C(=O)O,0,0,0,0,0,0
CNCCC1CCCCC1,0,0,0,0,0,0
CC1CCN(CC1)C(=O)CC(F)(F)F,0,0,0,0,0,0
CCCN1N=CC=C1C=2C=CN=CC2,0,0,0,0,0,0
CC(NS(=O)(=O)C)C=1C=CC=CC1Cl,0,0,0,0,0,0
CC(=O)NC=1C=CC(NC=2C=CC=CC2)=CC1,0,0,0,0,0,0
CN1CCN(CC1)C(=O)NC=2C=CC=CC2,0,0,0,0,0,0
CN(C)C(=O)N1CCOCC21CCOC2,0,0,0,0,0,0
NC=1C=CC=CC1N2CCOCC2,0,0,0,0,0,0
CC1=CSC(NCC2CCCO2)=N1,0,0,0,0,0,0
O=C(CC#N)NC1CCCCC1,0,0,0,0,0,0
C1=CSC(=N1)C2=NN=CN2,0,0,0,0,0,0
COC=1C=CC(Br)=CC1CNC(=O)C,0,0,0,0,0,0
CC(=O)NCCC=1C=CC(=CC1)S(=O)(=O)N,0,0,0,0,0,0
OCC=1C=CC=CC1N2CCOCC2,0,0,0,0,0,0
NC=1N=CC=C(N1)C=2C=CC(Cl)=CC2,0,0,0,0,0,0
CCC1=NC(=NO1)C=2C=CC(Cl)=CC2,0,0,0,0,0,0
CCOC(=O)NC=1SC=CC1C(=O)N,0,0,0,0,0,0
CCN1C(NC(=O)C)=NC=2C=CC=CC12,0,0,0,0,0,0
CCOC(=O)NC=1C=CC=C(Cl)C1,0,0,0,0,0,0
CC(CO)N(C)C=1N=CC(Cl)=CN1,0,0,0,0,0,0
CN1CCC[C@@H]1CO,0,0,0,0,0,0
CC(=O)N1CCCNCC1,0,0,0,0,0,0
CCN(CC)C(=O)C1=CC(C)=NO1,0,0,0,0,0,0
CNC=1N=CC(=CC1Cl)C(F)(F)F,0,0,0,0,0,0
CC1CN(CCO1)C(=O)C=2C=NC=CN2,0,0,0,0,0,0
CNC1CCCN(C1=O)C=2C=CC=CC2,0,0,0,0,0,0
OC1CN(C1)C(C=2C=CC=CC2)C=3C=CC=CC3,0,0,0,0,0,0
CC(=O)C=1C=CC=C(NC(=O)N2CCOCC2)C1,0,0,0,0,0,0
OC(=O)CCN1CCCCC1,0,0,0,0,0,0
OCCN1CCOCC1,0,0,0,0,0,0
CN(C)CC=1C=CC(C#N)=CC1,0,0,0,0,0,0
C1CC1C2=NOC(=N2)C3CCNC3,0,0,0,0,0,0
COC=1C=CC=2SC(N)=NC2C1,0,0,0,0,0,0
CN1C=C(OC=2N=CN=CC2Cl)C=N1,0,0,0,0,0,0
CN(CCC#N)S(=O)(=O)C=1C=CC(C)=CC1,0,0,0,0,0,0
CC(=O)NCCC=1C=CC=CC1C,0,0,0,0,0,0
CC(C)C(N)C1=NC(C)=NO1,0,0,0,0,0,0
OC(=O)CN1CCC(CC1)C=2C=CC=CC2,0,0,0,0,0,0
CCN(CCO)C=1C=CC(N)=CC1,0,0,0,0,0,0
COC=1C=CC=2C=NNC(=O)C2C1OC,0,0,0,0,0,0
CC(=O)NC=1C=CC=C(C(=O)O)C1C,0,0,0,0,0,0
CNC(=O)C=1C=CC(=CC1)S(=O)(=O)N,0,0,0,0,0,0
NC(=O)C=1C=NN(CCO)C1,0,0,0,0,0,0
CC=1C=C(F)C=CC1CS(=O)(=O)N,0,0,0,0,0,0
NC=1C=C(C=CC1N2CCCCC2)C(F)(F)F,0,0,0,0,0,0
CN1C=C(C(=O)N)C(=N1)C2CCCNC2,0,0,0,0,0,0
CC(C)NC(=O)C=1C=CNN1,0,0,0,0,0,0
CC(=O)NC1=CC(=CC(=C1)C(=O)N)C(=O)N,0,0,0,0,0,0
CCN(C)C(=O)C=1C=CC=C(N)C1,0,0,0,0,0,0
NC(=S)NC=1C=CC=CC1OC(F)(F)F,0,0,0,0,0,0
NC(=O)NC=1C=CC(=CC1)C=2C=CC=CC2,0,0,0,0,0,0
CCC(=O)NC=1C=CC=C(N)C1C,0,0,0,0,0,0
CNS(=O)(=O)CC1CCCCC1,0,0,0,0,0,0
N#CCCN1CCOCC1,0,0,0,0,0,0
CCOC(=O)C=1C=COC1,0,0,0,0,0,0
CC(O)COC=1C=CC=C(F)C1,0,0,0,0,0,0
CC1COCCN1CCN,0,0,0,0,0,0
CCNC=1N=CC=CC1C,0,0,0,0,0,0
CC(=O)NCC1=CN=CS1,0,0,0,0,0,0
CC(=O)N1CC=2C=CC(N)=CC2C1,0,0,0,0,0,0
CN(C)C(=O)C=1C=CC(F)=CC1Br,0,0,0,0,0,0
COC=1C=CC=C(C1)C(N)CC(=O)O,0,0,0,0,0,0
CC(N)C1=NC(CC=2C=CC=CC2)=NO1,0,0,0,0,0,0
N(C1=NN=CS1)C=2C=CC=CC2,0,0,0,0,0,0
CCC(=O)NC1=NC(C)=CS1,0,0,0,0,0,0
CCS(=O)(=O)NC=1C=CC=CC1F,0,0,0,0,0,0
NC=1N=CN=CC1C=2C=CC(Cl)=CC2,0,0,0,0,0,0
CC=1N=C(C)N(CCC(=O)O)N1,0,0,0,0,0,0
CC1=CN=C(S1)N2CCNCC2,0,0,0,0,0,0
CC=1C=CC(CS(=O)(=O)N)=CC1F,0,0,0,0,0,0
CCCN1N=NN=C1NC(=O)C2=CC=CO2,0,0,0,0,0,0
CC(=O)NC=1C=CC(OC(=O)N2CCCC2)=CC1,0,0,0,0,0,0
CNS(=O)(=O)CC=1C=C(C)ON1,0,0,0,0,0,0
CC1=CC(=NO1)C2CCCN2S(=O)(=O)C,0,0,0,0,0,0
CC1=NC(CN2C=CC(C)=CC2=O)=CS1,0,0,0,0,0,0
CNCC=1C=CC=C(Cl)C1,0,0,0,0,0,0
CN(C1CCCCCC1)S(=O)(=O)C,0,0,0,0,0,0
CC1=NN(C)C(C)=C1NC(=O)CC#N,0,0,0,0,0,0
CC=1C=CC=C(C1)C(=O)N2CCC(CC2)C(=O)N,0,0,0,0,0,0
CN(C(=O)C)C=1C=CC=NC1,0,0,0,0,0,0
COCC(=O)NC=1C=CC=CC1,0,0,0,0,0,0
COCC(=O)NC1=NC(=CS1)C=2C=CC=CC2,0,0,0,0,0,0
O=C(N1CCOCC1)C2=CSN=N2,0,0,0,0,0,0
CCNC1CCN(CC1)C=2C=CN=CC2,0,0,0,0,0,0
CN1C=C(C(=O)O)C(=N1)C=2C=CN=CC2,0,0,0,0,0,0
COC=1C=CC=NC1C#N,0,0,0,0,0,0
CN(C)C(=O)C1(CC1)C(=O)O,0,0,0,0,0,0
CC(=O)NCC1=NC=CN1,0,0,0,0,0,0
CN(C)CCN1C(=O)C=2C=CC=CC2C1=O,0,0,0,0,0,0
CC(O)C(=O)NCC=1C=CC=CN1,0,0,0,0,0,0
CCOC=1N=CC=CC1C(=O)N,0,0,0,0,0,0
CN(C)CC1=CC=C(O1)C(=O)O,0,0,0,0,0,0
CCOC=1C=CC(=CC1)C(C)N,0,0,0,0,0,0
NC=1C=CC(=CC1)S(=O)(=O)NC=2C=CC=CC2,0,0,0,0,0,0
CNC=1N=CC=NC1C#N,0,0,0,0,0,0
CCC(=O)NCC1=NN=C2CCCCN12,0,0,0,0,0,0
CC(=O)NCC1(CCOCC1)C=2C=CC=CC2,0,0,0,0,0,0
CCC=1C=CC(=CC1)C=2N=C(N)SC2C,0,0,0,0,0,0
NNC(=O)C=1C=CC(OCC=2C=CC=CC2)=CC1,0,0,0,0,0,0
O=C1NC=C(N2CCOCC2)C(=O)N1,0,0,0,0,0,0
COC=1C=CC(=CC1)C(N)C=2C=CC=CC2,0,0,0,0,0,0
OC=1N=CC(NC2CCCCC2)=C(O)N1,0,0,0,0,0,0
CN1C=CC(=N1)C(=O)NC=2C=CC=C(C2)C(=O)[O-],0,0,0,0,0,0
CC=1C=C(F)C=C(C1)S(=O)(=O)N,0,0,0,0,0,0
CC(O)CN1C=CN=C1C,0,0,0,0,0,0
CC1=NOC(CC(N)C=2C=CC=CC2)=N1,0,0,0,0,0,0
CNCC=1C=CC=C(OC)N1,0,0,0,0,0,0
C[C@@H](CO)N(C)C=1N=CC=CC1F,0,0,0,0,0,0
CC1CCN(CC1)C(=O)CCCC=2C=CC=CC2,0,0,0,0,0,0
CS(=O)(=O)N1CCC[C@@H]1CN,0,0,0,0,0,0
CC1CCC=2C=CC=CC2N1C(=O)C,0,0,0,0,0,0
NC(=O)C1CCN(CC1)C(=O)CC#N,0,0,0,0,0,0
COC=1C=CC=CC1C2=NN=CO2,0,0,0,0,0,0
CC1=NN(C(=O)C1)C=2C=CC=CC2,0,0,0,0,0,0
CC=1C=CC(C(=O)N)=C(F)C1,0,0,0,0,0,0
CNC(=O)CN1CCNCC1,0,0,0,0,0,0
CC=1NNC(=O)C1CCO,0,0,0,0,0,0
CC(OC=1C=CC(=CC1)C=2C=CC=CC2)C(=O)O,0,0,0,0,0,0
NC(=O)C1CCCN2C=CN=C12,0,0,0,0,0,0
CCN(CC)C=1C=CC=C(O)C1,0,0,0,0,0,0
COC=1C=C(NC(=O)C)C(OC)=CC1Cl,0,0,0,0,0,0
CN(C1CCC1)C=2C=CC(=NN2)C(=O)N,0,0,0,0,0,0
CC(=O)NC=1C=CC=CC1OCC=2C=CC=CC2,0,0,0,0,0,0
CN1CCN(CC1)C(=O)CO,0,0,0,0,0,0
CC=1C=C(ON1)C(=O)NCC2CCOC2,0,0,0,0,0,0
CNC=1N=CC=CN1,0,0,0,0,0,0
CN(CC(=O)O)C(=O)C=1C=CC(F)=CC1,0,0,0,0,0,0
CC(C)(C)NC(=O)CN1C=CC(=N1)C(F)(F)F,0,0,0,0,0,0
CC(CC=1C=CC(Br)=CC1)C(=O)N,0,0,0,0,0,0
CC(=O)NC1=CC(C)=NN1,0,0,0,0,0,0
OC=1C=CC(NC(=O)N2CCOCC2)=CC1,0,0,0,0,0,0
CCC(=O)NC=1C=CC(C)=CC1O,0,0,0,0,0,0
CC(N)C(=O)NC1=CC(=NN1)C(F)(F)F,0,0,0,0,0,0
COC=1C=CC=CC1NC(=O)C2=CC=C(C)S2,0,0,0,0,0,0
CNC(C)C=1C=NN(C)C1,0,0,0,0,0,0
CNC(=O)C1CNCCO1,0,0,0,0,0,0
CC(O)CCN1C=CC=N1,0,0,0,0,0,0
C(N1CCNCC1)C2=CSC=N2,0,0,0,0,0,0
O=C(COC=1C=CC=CC1)N2CCCC2,0,0,0,0,0,0
CC(C)NC(=O)C=1C=C(C)N(C)N1,0,0,0,0,0,0
C1OC=2C=CC(=CC2O1)C=3C=CNN3,0,0,0,0,0,0
CC(C)C=1C=CC(=CC1)C(=O)NC2=NN=CS2,0,0,0,0,0,0
CC1CCCCN1C(=O)C=2C=NC=CN2,0,0,0,0,0,0
CC(=O)NC(C1CCOCC1)C(=O)O,0,0,0,0,0,0
COC=1C=C(C=C(OC)C1OC)C(=O)O,0,0,0,0,0,0
CC(=O)NC=1C=CC=NC1C(=O)O,0,0,0,0,0,0
CS(=O)(=O)NC=1C=CC(=CC1)C(=O)N,0,0,0,0,0,0
CC(C)C1=NC=CN1CC(=O)O,0,0,0,0,0,0
CCC1=CSC(=N1)C2=CNC=N2,0,0,0,0,0,0
CC1CN(C(=O)C)C=2C=CC=C(F)C2O1,0,0,0,0,0,0
CNC(=O)C1CCCC=2SC(C)=NC12,0,0,0,0,0,0
CCNC(=O)N1CCN(CC1)C(=O)C,0,0,0,0,0,0
CCOC=1C=CC(CC(=O)O)=CC1,0,0,0,0,0,0
CC(=O)N1C[C@H]2CC[C@H]1C=3C=CC=CC23,0,0,0,0,0,0
NC(=O)CN1CCN(CC1)C(=O)C2=CC=CO2,0,0,0,0,0,0
CC1=NN(C)C=2C(O)=NN=CC12,0,0,0,0,0,0
CC1=NN(C)C(C)=C1CC(=O)N,0,0,0,0,0,0
CN1CCN(CC1)C=2C=CC(NC(=O)C)=CC2,0,0,0,0,0,0
COC=1C=CC=C2NC=CC12,0,0,0,0,0,0
CC(NC(=O)C1CCCC1)C(=O)O,0,0,0,0,0,0
CN(CC1=CC=C(C)O1)CC=2C=CC=CC2,0,0,0,0,0,0
ClC=1C=CC=C(NC(=O)CN2CCCC2)C1,0,0,0,0,0,0
CC=1C=CC(CC(=O)NC[C@@H]2CCCO2)=CC1,0,0,0,0,0,0
FC=1C=CC=C(NC(=O)COC=2C=CC=CC2)C1,0,0,0,0,0,0
CCN1C=C(NC(=O)C2CCC2)C=N1,0,0,0,0,0,0
CC1=CSC(CNC(=O)C=2C=CNN2)=N1,0,0,0,0,0,0
CC1=NOC(C)=C1C(=O)NCCC2=CCCCC2,0,0,0,0,0,0
C(NC1=NC=2C=CC=CC2N1)C3=CC=CO3,0,0,0,0,0,0
CCC=1C=CC=CC1NC(=O)C=2SN=NC2C,0,0,0,0,0,0
C(NCC=1C=CN=CC1)C2=CC=CS2,0,0,0,0,0,0
CC=1C=CC(NC(=O)C2CCCO2)=NC1,0,0,0,0,0,0
O=C(NC1=NC=CS1)[C@@H]2C[C@H]2C=3C=CC=CC3,0,0,0,0,0,0
COC=1C=CC=2N=C(NC(=O)C3CC3)SC2C1,0,0,0,0,0,0
CCC1=CC=C(S1)C(=O)NCC=2C=NN(C)C2,0,0,0,0,0,0
CC(=O)C=1C=CC(NC(=O)CN2CCCC2)=CC1,0,0,0,0,0,0
COC=1C=CC=C(C1)C(=O)NC=2C=CC=CC2F,0,0,0,0,0,0
CC1COCCN1CC=2C=CC=CC2F,0,0,0,0,0,0
COC=1C=CC(NCC=2C=CC(F)=CC2)=CC1,0,0,0,0,0,0
OC=1C=CC=C(CN2CCSCC2)C1,0,0,0,0,0,0
O=C(NC=1C=CC=NC1)C=2C=NN3C=CC=NC23,0,0,0,0,0,0
CCN1C=C(C=N1)C(=O)NCC=2C=CC(F)=CC2,0,0,0,0,0,0
CCC1CCC(CC1)NC[C@H]2CCCO2,0,0,0,0,0,0
CC1CCN(CC2=CNC=3C=CC=CC23)CC1,0,0,0,0,0,0
CC(C)(C)C1CCN(CC1)C(=O)C=2C=CC=CC2,0,0,0,0,0,0
CC=1C=CC=CC1OCC(=O)NC=2C=CC=CC2,0,0,0,0,0,0
O=C(NCCN1CCCC1=O)NC=2C=CC=CC2,0,0,0,0,0,0
ClC=1C=CC(CC(=O)NC=2N=CC=CN2)=CC1,0,0,0,0,0,0
C(N1CCOCC1)C2=NC(=NO2)C3CC3,0,0,0,0,0,0
OC=1C=CC(CN2CCC=3C=CC=CC3C2)=CC1,0,0,0,0,0,0
CN1C=CC(NCC=2C=CC=CC2)=N1,0,0,0,0,0,0
CC1=CC(=NS1)C(=O)NCC2CCCO2,0,0,0,0,0,0
CC=1C=CC(CN2CCS(=O)(=O)CC2)=CC1,0,0,0,0,0,0
CC=1C=C(ON1)C(=O)NC=2C=CN(C)N2,0,0,0,0,0,0
CCN1C=C(CNC(=O)C=2C=CC=NC2)C=N1,0,0,0,0,0,0
CC=1NC=NC1CN2CCC=3C=CC=CC3C2,0,0,0,0,0,0
NC(=O)C=1C=CN=C(NC2CC=CC2)C1,0,0,0,0,0,0
CCOC(=O)C1CCN(CC1)C=2C=NC=CN2,0,0,0,0,0,0
CC1=NC=C(CN2CCNCC2)S1,0,0,0,0,0,0
CC1=NN=C(CN2CCC=C(F)C2)S1,0,0,0,0,0,0
CN(C1CC(O)C1)C=2C=C(C)N=C(C)N2,0,0,0,0,0,0
CN(CC=1C=C(C)ON1)C(=O)NC2CC2,0,0,0,0,0,0
CC1=NN=C(S1)N2CCCCC2,0,0,0,0,0,0
COC=1C=CC(CNC2CCCC2)=CC1,0,0,0,0,0,0
CC1CN(C)CCC1NC=2C=NN(C)C2,0,0,0,0,0,0
OC=1C=CC(CCNC(=O)C=2C=CC=CN2)=CC1,0,0,0,0,0,0
CCCC1=NN=C(NC(=O)C=2C=CC=CN2)S1,0,0,0,0,0,0
CC1=NC=C(CNC=2C=NC=C(F)C2)S1,0,0,0,0,0,0
CC=1C=CC(OCC(=O)N2CCOCC2)=C(C)C1,0,0,0,0,0,0
CN1C=C(Cl)C(=N1)C(=O)NC2CCCC2,0,0,0,0,0,0
CC1=CC(=NO1)C(=O)NCC2=CC=CS2,0,0,0,0,0,0
CC1=C(C=NN1C)C(=O)NCC2CCC2,0,0,0,0,0,0
COC=1C=CC(NC(=O)NC2=CC=CS2)=CN1,0,0,0,0,0,0
CCN1CCN(CC1)C(=O)NC2CCCCC2,0,0,0,0,0,0
COC(=O)C=1C=CC(NC(=O)C2CCCC2)=CC1,0,0,0,0,0,0
O=C(COC=1C=CC=CC1)N2CCNC(=O)C2,0,0,0,0,0,0
CC=1C=CC=CC1OCC(=O)NC=2N=CC=CN2,0,0,0,0,0,0
FC=1C=CC=CC1C(=O)NC2=NN=CS2,0,0,0,0,0,0
FC=1C=CC(CNC[C@H]2CCCO2)=CC1,0,0,0,0,0,0
CC1=CSC(NC(=O)C2CCOCC2)=N1,0,0,0,0,0,0
CC=1C=CC=C(NC(=O)CN2CCOCC2)C1C,0,0,0,0,0,0
CC=1C=CC=C(NC(=O)[C@@H]2CCCN2)N1,0,0,0,0,0,0
CC=1C(Cl)=CC=CC1NC(=O)[C@@H]2CCCO2,0,0,0,0,0,0
CC=1OC=CC1C(=O)NC=2C=CN=CC2,0,0,0,0,0,0
CC(=O)NC=1C=CC(NC(=O)[C@H]2CC2(C)C)=CC1,0,0,0,0,0,0
C1CC2(CCN(C2)C=3C=NC=CN3)CO1,0,0,0,0,0,0
FC=1C=CC=CC1C(=O)NCCC=2C=CN=CC2,0,0,0,0,0,0
OC=1C=CC(NC(=O)CCC=2C=CC=CC2)=CC1,0,0,0,0,0,0
CC1CCOC1C(=O)NC2=CN=NS2,0,0,0,0,0,0
CN1CCN(CC1=O)C=2N=CC=CC2F,0,0,0,0,0,0
C(N1CCC(CC1)N2C=CC=C2)C=3C=CC=CC3,0,0,0,0,0,0
CC(C)CC(=O)NCC=1C=CC=2OCOC2C1,0,0,0,0,0,0
COC=1C=CC=C(CN2CCC(CC2)C(=O)N)C1,0,0,0,0,0,0
CN1N=CC=C1C(=O)NCC2=CC=CS2,0,0,0,0,0,0
FC=1C=CC(CNCC=2C=CC=CC2)=CC1,0,0,0,0,0,0
COC(=O)[C@@H]1C[C@@H](O)CN1C(=O)C2=CC=CO2,0,0,0,0,0,0
C1CCC(CC1)C2=NC(=NO2)C=3C=CN=CC3,0,0,0,0,0,0
CC(=O)C=1C=CC=C(NC(=O)C(F)(F)F)C1,0,0,0,0,0,0
CC=1C=NC=C(NCC=2C=CN=CC2)C1,0,0,0,0,0,0
FC=1C=CC(NC(=O)CN2CCCC2)=CC1,0,0,0,0,0,0
O=C(C1CC1)N2CCN(CC2)C(=O)C3=CC=CO3,0,0,0,0,0,0
CC(C)N1CCN(CC1)C(=O)C2=CC=CS2,0,0,0,0,0,0
CC(C)N(C)S(=O)(=O)N1CCOC(C)C1,0,0,0,0,0,0
FC=1C=CC(CCNC(=O)C2=CC=CO2)=CC1,0,0,0,0,0,0
CC=1C=CC=CC1CNC2=NN=NN2C,0,0,0,0,0,0
COC(=O)CNC(=O)C1CCCCC1,0,0,0,0,0,0
CC1=CC(NC(=O)CSC=2C=CC=CC2)=NO1,0,0,0,0,0,0
COC=1C=CC(NC(=O)NC=2C=CN=CC2)=CC1,0,0,0,0,0,0
O=C(CCCC=1C=CC=CC1)N2CCOCC2,0,0,0,0,0,0
CC(C)(O)CNC1CCOCC1,0,0,0,0,0,0
CS(=O)(=O)N1CCN(CC2=CC=CO2)CC1.OC(=O)C(=O)O,0,0,0,0,0,0
CN1C=C(CNC(=O)C2=CC=CO2)C=N1,0,0,0,0,0,0
CCC=1C=CC(OCC(=O)N2CCCCC2)=CC1,0,0,0,0,0,0
CC=1C=CC(CNC(=O)C2CCC2)=CN1,0,0,0,0,0,0
COC(=O)C1CCN(CC1)C(=O)NC(C)(C)C,0,0,0,0,0,0
CC1(C)CN(CC1O)C=2N=CC=CC2F,0,0,0,0,0,0
CC1=CC(=NO1)C(=O)NC=2C=CC=3NC=CC3C2,0,0,0,0,0,0
O=C(COC=1C=CC=CC1)NC2CCCCC2,0,0,0,0,0,0
CC1=NC(CN2CCC(CN)CC2)=CS1,0,0,0,0,0,0
CCOC(=O)CN1CCS(=O)(=O)CC1,0,0,0,0,0,0
C(CC=1C=CC=CC1)NC2=NC=3C=CC=CC3N2,0,0,0,0,0,0
OC=1C=CC(NC(=O)C=2C=CC(Cl)=CC2)=CC1,0,0,0,0,0,0
COC(=O)CNC(=O)C=1C=C(C)ON1,0,0,0,0,0,0
CC(C)N1CCN(CC1)C(=O)C(C)C,0,0,0,0,0,0
CC(=O)NCCN1CCCCCC1,0,0,0,0,0,0
CN(C)C=1C=CC(CNN2C=NN=C2)=CC1,0,0,0,0,0,0
NC(=O)C=1C=CC=CC1NC(=O)C=2C=CN=CC2,0,0,0,0,0,0
CC1=NN(CC=2C(C)=NOC2C)C(=O)S1,0,0,0,0,0,0
FC=1C=CC(CC(=O)NC=2C=CC(F)=CC2)=CC1,0,0,0,0,0,0
CC(C)N(C)S(=O)(=O)N1CCNC(=O)C1,0,0,0,0,0,0
C(NC1CCNC1)C=2C=CC=CC2,0,0,0,0,0,0
CC(C)CC(=O)NC=1C=CC(NC(=O)C)=CC1,0,0,0,0,0,0
COC=1C=CC(=CC1)C(=O)NC=2C=CC=CC2F,0,0,0,0,0,0
CCNC(=O)C=1C=CC(NS(=O)(=O)C)=CC1,0,0,0,0,0,0
C(NC=1C=CC=CN1)C2CCNC2,0,0,0,0,0,0
CN(C)C(=O)CNC=1C=CC=CC1,0,0,0,0,0,0
CC[C@H](CO)NC(=O)NC=1C=CC(Cl)=CC1,0,0,0,0,0,0
C1CCCC(CC1)NC=2N=CC=CN2,0,0,0,0,0,0
N#CC=1C=CC(CN2C=NC=3C=CC=CC23)=CC1,0,0,0,0,0,0
O=C(NC=1C=CC(C#N)=CC1)C2=CC=CS2,0,0,0,0,0,0
CC=1C=CC=C(C1)C(=O)NC=2C=CC(C)=CC2O,0,0,0,0,0,0
CCOC(=O)NCC=1C=CC=CC1,0,0,0,0,0,0
C[1C@@H]1CC[1C@@H](O1)C(=O)N2CCC=C(F)C2,0,0,0,0,0,0
CC(=O)N1CCC(CC1)NCCC=2C=CC=CC2,0,0,0,0,0,0
CN1N=NC(NC(=O)C2=CC=3C=CC=CC3O2)=N1,0,0,0,0,0,0
FC=1C=CC=C(F)C1C(=O)N2CCCC2,0,0,0,0,0,0
OC=1C=CC=CC1NC(=O)COC=2C=CC=CC2,0,0,0,0,0,0
FC=1C=CC(CNC(=O)NC=2C=CC=CC2)=CC1,0,0,0,0,0,0
FC=1C=CC=CC1NCC=2C=CNN2,0,0,0,0,0,0
CC(=O)N1CCN(CCCC=2C=CC=CC2)CC1,0,0,0,0,0,0
FC=1C=CC=NC1NCC2CCOCC2,0,0,0,0,0,0
FC=1C=CC=C(F)C1C(=O)N2CCCCCC2,0,0,0,0,0,0
CN1CCN(CC1)C(=O)C=2C=CC(F)=C(F)C2,0,0,0,0,0,0
CN(CC(=O)O)C(=O)C=1C=CC=CN1,0,0,0,0,0,0
CC(C)C=1C=CC(NC(=O)N2CCOCC2)=CC1,0,0,0,0,0,0
CC=1C=C(C)N=C(NC=2C=CC=CC2)N1,0,0,0,0,0,0
OC=1C=CC=C(NC(=O)NC=2C=CC(F)=CC2)C1,0,0,0,0,0,0
CN(C(=O)[C@H]1CC1(C)C)C=2C=CC=NC2,0,0,0,0,0,0
CC(=O)C=1C=CC(=CC1)N2CCC(CC2)C(=O)N,0,0,0,0,0,0
CCN(CC)S(=O)(=O)C=1C=CC(C)=CC1,0,0,0,0,0,0
CC=1C=CC(NC(=O)C=2C=CC=CC2C)=C(O)C1,0,0,0,0,0,0
COCC(=O)NC1=NN=C(C)S1,0,0,0,0,0,0
FC=1C=CC=C(CN2CCOCC2)C1,0,0,0,0,0,0
C1CN(C1)C=2N=CN=C3N=CNC23,0,0,0,0,0,0
ClC=1C=CC(COC(=O)C=2C=CC=NC2)=CC1,0,0,0,0,0,0
COCC(=O)NCC=1C=CC(C)=CC1,0,0,0,0,0,0
CC=1C=CSC1CNC(C)(C)CO,0,0,0,0,0,0
CC1CCCCN1CCN,0,0,0,0,0,0
CC(C)NC(=O)C1=CC(C)=NO1,0,0,0,0,0,0
CCOC=1C=CC=C(C1)C(=O)NC=2N=NN(C)N2,0,0,0,0,0,0
FC=1C=CC=C(NC(=O)C=2C=NC=CN2)C1,0,0,0,0,0,0
COC=1C=CC(C)=CC1NC(=O)NN2C=NN=C2,0,0,0,0,0,0
CC(C)(O)CN1CC[C@H](N)C1,0,0,0,0,0,0
OC=1C=CC(CNC2CCCCC2)=CC1,0,0,0,0,0,0
CC=1OC=CC1C(=O)N2CCC=3C=CC=CC23,0,0,0,0,0,0
C(C#CC=1C=CC=CC1)N2CCCCC2,0,0,0,0,0,0
CC1CN(CCN1)C=2C=CC=C(C)N2,0,0,0,0,0,0
FC(F)(F)C=1C=CC(CN2CCOCC2)=CC1,0,0,0,0,0,0
FC(F)(F)C(=O)NC=1C=CC=C(Cl)C1,0,0,0,0,0,0
CCC1=NN=C(NC(=O)C(F)(F)F)S1,0,0,0,0,0,0
CN1CCC(OC=2C=CC=C(F)C2)C1=O,0,0,0,0,0,0
ClC=1C=CC(=CC1)C(=O)N2CCSCC2,0,0,0,0,0,0
CC1(C)CCCN1CCN,0,0,0,0,0,0
FC=1C=CC(OCC(=O)N2CCCC2)=CC1,0,0,0,0,0,0
CCCC(=O)NC=1C=CC=NC1Cl,0,0,0,0,0,0
FC=1C=CC=C(C1)C(=O)NCC=2C=CC=CC2,0,0,0,0,0,0
CC1=NC(C(=O)N2CCCC2)=C(C)S1,0,0,0,0,0,0
COC(=O)NC1=NC=2C(C)=CC=CC2S1,0,0,0,0,0,0
O=C(NC[C@H]1CCCO1)N2CCOCC2,0,0,0,0,0,0
CC(=O)NC=1C=CC(CN2CCOCC2)=CC1,0,0,0,0,0,0
CN(CC1CCOC1)C=2N=CN=CC2Cl,0,0,0,0,0,0
CCNC(=O)C1=CNN=N1,0,0,0,0,0,0
CCOC(=O)C=1C=CC(F)=CC1F,0,0,0,0,0,0
O=C(NCCC1=CCCCC1)C=2C=NC=CN2,0,0,0,0,0,0
OC=1N=CC(NCCC=2C=CC=CC2)=C(O)N1,0,0,0,0,0,0
CCNC(=O)C=1C=CC(N(C)C)=C(F)C1,0,0,0,0,0,0
CCC(=O)NC=1C=CC(=CC1)S(=O)(=O)N,0,0,0,0,0,0
C(NC1CCCC1)C2CCCO2,0,0,0,0,0,0
CCNC=1C=CC(C)=NN1,0,0,0,0,0,0
O=C(CCC1CCCCC1)N2CCOCC2,0,0,0,0,0,0
FC=1C=CC=CC1CNC2CCOCC2,0,0,0,0,0,0
COC=1C=CC(Cl)=CC1C(=O)NCC(C)C,0,0,0,0,0,0
CS(=O)(=O)C1=NC=CN1CC2=CSC=N2,0,0,0,0,0,0
CC(C)NC=1C=CC=NC1,0,0,0,0,0,0
CC(C)N(C)C=1N=CN=C2N(C)N=CC12,0,0,0,0,0,0
OCC1CN(CC=2C=CC=CC2)CCO1,0,0,0,0,0,0
OCC1CCN(CC1)C=2N=CC=CN2,0,0,0,0,0,0
COCC(=O)NC=1C(C)=CC(C)=CC1C,0,0,0,0,0,0
O=C(CSC=1C=CC=CC1)NC2CCCCC2,0,0,0,0,0,0
CCS(=O)(=O)NCC=1C=CC=2OCOC2C1,0,0,0,0,0,0
CC1=NC(CC(=O)N2CCOCC2)=CS1,0,0,0,0,0,0
OC=1C=CC=CC1CN2CCC=3C=CC=CC3C2,0,0,0,0,0,0
CC(C)NC=1N=CC=CN1,0,0,0,0,0,0
CNCC(=O)NC=1C=C(C)C=CN1,0,0,0,0,0,0
ClC=1C=CC(NC(=O)CC#N)=CC1,0,0,0,0,0,0
CCOC(=O)CN1CCCCC1,0,0,0,0,0,0
CC1CN(CC=2N=NSC2Cl)C(C)CO1,0,0,0,0,0,0
C[C@H](O)CNCC=1C(Cl)=CC=CC1Cl,0,0,0,0,0,0
FC=1C=C(C#N)C=CC1N2CCNCC2,0,0,0,0,0,0
CCNC=1C=CC(=CC1F)S(=O)(=O)C,0,0,0,0,0,0
CCCC(=O)NCC1=NC=2C=CC=CC2N1,0,0,0,0,0,0
CC1OCCN(C1C)C2=NC(C)=NS2,0,0,0,0,0,0
CC=1C=CC(NC(=O)C=2C=CC=C(F)C2)=CC1O,0,0,0,0,0,0
CS(=O)(=O)NC1(CCCCC1)C(=O)O,0,0,0,0,0,0
CCC(C)NC(=O)C=1C=CC=CC1N,0,0,0,0,0,0
CN(C(=O)C1CCNC1)C=2C=CC=CC2,0,0,0,0,0,0
O=C(CC1CCCCC1)NN2C=NN=C2,0,0,0,0,0,0
CC1=NN=C(NC(=O)N2CCOCC2)S1,0,0,0,0,0,0
CCC1=NN=C(NC(=O)C=2C=NC=CN2)S1,0,0,0,0,0,0
CC=1C=CC(C)=C(OC(=O)C=2C=CN=CC2)C1,0,0,0,0,0,0
CC1=NSC(=N1)N2CCCNCC2,0,0,0,0,0,0
CNC(=O)C=1C=CC=CC1NC(=O)C2=CC=CO2,0,0,0,0,0,0
CCC1=NOC(C)=C1C(=O)NC=2C=C(C)ON2,0,0,0,0,0,0
COC(=O)C1CCN(CC(=O)N)CC1,0,0,0,0,0,0
CN(CCO)S(=O)(=O)C=1C=CC(N)=CC1,0,0,0,0,0,0
COC(=O)C=1C=CC(NC(=O)C(F)(F)F)=CC1,0,0,0,0,0,0
CCN(CC)C1=CC(C)=NC2=NC=NN12,0,0,0,0,0,0
CC(C)C(=O)NCC1CCCNC1,0,0,0,0,0,0
CC(NC1CC1)C=2C=CC=NC2,0,0,0,0,0,0
O=C(N1CCNCC1)C=2C=CN=CC2,0,0,0,0,0,0
CC1CCN(CC1)C(=O)C2=CC=3C=CC=CC3O2,0,0,0,0,0,0
COCC(=O)NC=1C=CC=CC1C(=O)N,0,0,0,0,0,0
CCNC(=O)NC=1C=C(C)ON1,0,0,0,0,0,0
OC=1C=CC=CC1CN2CCOCC2,0,0,0,0,0,0
COC=1C=CC(NC(=O)CN)=CC1,0,0,0,0,0,0
CS(=O)(=O)N1CCC(CC1)C(=O)NC2CC2,0,0,0,0,0,0
CN(C)CC1=NC(=NO1)C2(N)CCCC2,0,0,0,0,0,0
CC1=NN(C)C(C)=C1CN2CCNCC2,0,0,0,0,0,0
CC(C)(CO)NC(=O)C=1C=CC=C(Cl)C1,0,0,0,0,0,0
FC=1C=CC(NC2CCOCC2)=NC1,0,0,0,0,0,0
FC=1C=CC(NC(=O)NC=2C=CC(F)=CC2)=CC1,0,0,0,0,0,0
CN1CCN(CC1)C(=O)NC=2C=CC(F)=CC2,0,0,0,0,0,0
CC(CO)(CO)NC(=O)NC=1C=CC=CC1,0,0,0,0,0,0
CC(C)NC(=O)CN1CCCNCC1,0,0,0,0,0,0
CCOC(=O)C=1C=NNC1,0,0,0,0,0,0
CC(C)C(=O)NC=1C=CC=C(C#N)C1,0,0,0,0,0,0
CC(N1CCN(CC1)S(=O)(=O)C)C(=O)N,0,0,0,0,0,0
CC1=CSC(CNC(=O)C2CCC2)=N1,0,0,0,0,0,0
CN1N=NC(NC(=O)C=2C=CC(F)=CC2)=N1,0,0,0,0,0,0
CC(CC=1C(C)=NOC1C)C(=O)N(C)C,0,0,0,0,0,0
CC1CCN(CCN)CC1,0,0,0,0,0,0
COC=1C=CC(NC2=NCCN2)=CC1,0,0,0,0,0,0
CC(=O)NC=1C=CN=CC1C,0,0,0,0,0,0
N[C@@H]1CCCN(C1)C(=O)CCC(F)(F)F,0,0,0,0,0,0
C(N1CCNCC1)C=2C=CON2,0,0,0,0,0,0
CC1=NC=CN1CC=2C=CC=C(C#N)C2,0,0,0,0,0,0
COC=1C=CC=CC1N2CCN(CC#N)CC2,0,0,0,0,0,0
CN1CCN(CC1)C(=O)C2CCCN2,0,0,0,0,0,0
CCC(=O)NC1CCNC1,0,0,0,0,0,0
CNC(=O)C=1C=CC=C2C=CNC12,0,0,0,0,0,0
ClC=1N=CC=CC1C(=O)NC2=NN=CN2,0,0,0,0,0,0
O[C@@H]1CCN(CC=2C=CC(Cl)=CC2)C1,0,0,0,0,0,0
CC1=CC(NC(=O)COC=2C=CC(C)=CC2)=NO1,0,0,0,0,0,0
C[C@@H]1C[C@H]1C(=O)NCCC=2C=CC(Cl)=CC2,0,0,0,0,0,0
CC(N)C(=O)N1CCCCC1C,0,0,0,0,0,0
NC(=O)C=1C=C(C=CN1)N2CCCC2,0,0,0,0,0,0
COCC(=O)NC=1C=CC(O)=CC1,0,0,0,0,0,0
COC(=O)NC1=NN=C(CC2CCCC2)S1,0,0,0,0,0,0
CNC(=O)C1=CN=C(C)S1,0,0,0,0,0,0
CCNCC=1C=CC=C2NC=CC12,0,0,0,0,0,0
COC=1C=CC(CN2CCOCC2)=CC1OC,0,0,0,0,0,0
CNS(=O)(=O)C=1C=CC=CC1Cl,0,0,0,0,0,0
COC(=O)COC=1C=CC(C#N)=CC1,0,0,0,0,0,0
O=C(NCC1=NC=2C=CC=CC2N1)C3=CC=CO3,0,0,0,0,0,0
CCNC(=O)CN1CC(C)OCC1C,0,0,0,0,0,0
CC(C)C(=O)N1CCC(CC=2C=CC=CC2)CC1,0,0,0,0,0,0
CCS(=O)(=O)N1CCC(CC1)C(=O)O,0,0,0,0,0,0
FC=1C=CC=C(CN2CCCS2(=O)=O)C1,0,0,0,0,0,0
CCOC(=O)C1=CC(=NO1)C=2C=CC(F)=CC2,0,0,0,0,0,0
COCC(=O)NCC1=NC=2C=CC=CC2N1,0,0,0,0,0,0
CCOC(=O)C1=CC(=NO1)C=2C=CC(C)=CC2,0,0,0,0,0,0
CC=1C(Cl)=CC=CC1NC(=O)CN,0,0,0,0,0,0
COCC1CN(CCO1)C=2C=CC=CN2,0,0,0,0,0,0
COC=1C=CC(CC(=O)NC2=NN=CS2)=CC1,0,0,0,0,0,0
COCC(=O)NC=1C=CC=C(NC(=O)C)C1,0,0,0,0,0,0
CCCN1C(NC(=O)CC)=NC=2C=CC=CC12,0,0,0,0,0,0
COCC(=O)NCC=1C=CC=CC1,0,0,0,0,0,0
CC(=O)NC=1C=C2OCOC2=CC1C,0,0,0,0,0,0
CN(C)C(=O)COC=1C=CC=CC1C,0,0,0,0,0,0
ClCC(=O)N1CCC(CC1)C(=O)Nc2ccccc2,0,0,0,0,0,0
ClCC(=O)N1CCN(CC1)c2ccccc2Cl,0,0,0,0,0,0
[O-][N+](=O)c1cc(Cl)ccc1N2CCN(CC2)C(=O)CCl,0,0,0,0,0,0
Cc1ccc(c(C)c1)S(=O)(=O)N2CCN(CC2)C(=O)CCl,0,0,0,0,0,0
CC(N1CCN(CC1)C(=O)CCl)c2ccccc2,0,0,0,0,0,0
CN(Cc1cccc(c1)C(F)(F)F)C(=O)CCl,0,0,0,0,0,0
Cc1ccc(cc1)C(=O)N2CCN(CC2)C(=O)CCl,0,0,0,0,0,0
ClCC(=O)N1CCC(CC1)C(=O)N2CCCCCC2,0,0,0,0,0,0
CC1CCCN(C1)C(=O)C2CCN(CC2)C(=O)CCl,0,0,0,0,0,0
ClCC(=O)NNC(=O)c1cc2CCCCc2s1,0,0,0,0,0,0
CC(NC(=O)CCl)c1ccc(Cl)cc1,0,0,0,0,0,0
CC(C)(C)c1ccc(cc1)C(=O)NNC(=O)CCl,0,0,0,0,0,0
Cc1ccccc1C(=O)NC2CCN(CC2)C(=O)CCl,0,0,0,0,0,0
Fc1ccccc1N2CCN(CC2)C(=O)CCl,0,0,0,0,0,0
CC(C)(C)OC(=O)N1CCN(CC1)C(=O)CCl,0,0,0,0,0,0
CN(Cc1ccc(C)cc1C)C(=O)CCl,0,0,0,0,0,0
Fc1ccc(cc1)N2CCN(CC2)C(=O)CCl,0,0,0,0,0,0
COC(=O)c1c(C)c(C)sc1NC(=O)CCl,0,0,0,0,0,0
CC1CCN(C2CCCCC12)C(=O)CCl,0,0,0,0,0,0
ClCC(=O)N1CCN(CC1)C2CCS(=O)(=O)C2,0,0,0,0,0,0
Cc1cc(C)c(NC(=O)CCl)c(Cl)c1,0,0,0,0,0,0
Fc1cccc(Cl)c1CN2CCN(CC2)C(=O)CCl,0,0,0,0,0,0
ClCC(=O)NC1CCOc2ccccc12,0,0,0,0,0,0
Cc1ccc(cc1)S(=O)(=O)N2CCN(CC2)C(=O)CCl,0,0,0,0,0,0
[O-][N+](=O)c1ccc(cc1)N2CCN(CC2)C(=O)CCl,0,0,0,0,0,0
Cn1nc(cc1NC(=O)CCl)c2ccc(Cl)cc2,0,0,0,0,0,0
ClCC(=O)N1CCN(CC1)C(=O)c2occc2,0,0,0,0,0,0
CC(NC(=O)CCl)c1cc(C)c(C)cc1C,0,0,0,0,0,0
CC(C)(O)CNC(=O)CCl,0,0,0,0,0,0
ClCC(=O)NCc1cc(Br)cs1,0,0,0,0,0,0
FC(F)(F)c1cccc(c1)N2CCN(CC2)C(=O)CCl,0,0,0,0,0,0
CC1(C(N)=O)NCCC1,0,0,0,0,0,0
C[C@H]1N(S(=O)(C)=O)CCC[C@H]1C#N,0,0,0,0,0,0
OC[C@H]1N(S(C)(=O)=O)[C@@H](C)CCC1,0,0,0,0,0,0
COC(=O)C1(C)CCCN1,0,0,0,0,0,0
O=C(OC)C1(C2=CC=C(F)C=C2)CNCCC1,0,0,0,0,0,0
[C@@H]1(CC2)CC3=C(C=CC=N3)[C@H]2N1,0,0,0,0,0,0
OC[C@@H]1[C@H](C2=CN(C)N=C2)CCC1,0,0,0,0,0,0
CC1(COC)NCCC1,0,0,0,0,0,0
C[C@H]1N(S(=O)(C)=O)CCC[C@H]1C(NC)=O,0,0,0,0,0,0
CC1(CO)CCCCN1,0,0,0,0,0,0
O=C(OC(C)(C)C)[C@H]1C[C@H](C)NC1,0,0,0,0,0,0
FC(C=C1)=CC=C1C2(CN)CNCCC2,0,0,0,0,0,0
O=C(N1[C@H]2CC3=C(C=CC=N3)[C@@H]1CC2)C,0,0,0,0,0,0
FC(C=C1)=CC=C1[C@H]2[C@@H](C(O)=O)COC2,0,0,0,0,0,0
CC1(C(O)=O)N(C(C)=O)CCC1,0,0,0,0,0,0
C[C@H]1N(S(=O)(C)=O)CCC[C@H]1C(N2CCCC2)=O,0,0,0,0,0,0
CC1(CO)CNCCC1,0,0,0,0,0,0
C[C@H]1NCCC[C@H]1C(N)=O,0,0,0,0,0,0
O=C(N)C1(C2=CC=C(F)C=C2)CNCCC1,0,0,0,0,0,0
FC(C=C1)=CC=C1CC2(C(OC)=O)OCCC2,0,0,0,0,0,0
FC[C@@H]1[C@H](C2=CN(C)N=C2)CCC1,0,0,0,0,0,0
CC1(C(N)=O)N(S(=O)(C)=O)CCC1,0,0,0,0,0,0
C[C@H]1NCCC[C@H]1COC,0,0,0,0,0,0
CC1(CO)CCNCC1,0,0,0,0,0,0
C[C@H]1NCCC[C@H]1C#N,0,0,0,0,0,0
O=C(OC)C1(CC2=CC=C(F)C=C2)CNCC1,0,0,0,0,0,0
O=C([C@@H]1[C@H](C2=CSC=C2)CCC1)OC,0,0,0,0,0,0
CC1(C(O)=O)N(S(=O)(C)=O)CCC1,0,0,0,0,0,0
C[C@H]1N(C(C)=O)CCC[C@H]1C(OC)=O,0,0,0,0,0,0
CN1C[C@@H](C(OC(C)(C)C)=O)C[C@@H]1C,0,0,0,0,0,0
O=C(OC)C1(C2=CC=C(OC)C=C2)CCOCC1,0,0,0,0,0,0
OC(C1(CC2=CC=C(F)C=C2)CNCC1)=O,0,0,0,0,0,0
O=C([C@@H]1[C@H](C2=CSC=C2)CCC1)O,0,0,0,0,0,0
CC1(C#N)N(S(=O)(C)=O)CCC1,0,0,0,0,0,0
C[C@H]1N(C(C)=O)CCC[C@H]1CO,0,0,0,0,0,0
C[C@H]1[C@H](CO)CCCN1C(C)=O,0,0,0,0,0,0
CC(=O)N1C[C@@H](C)C[C@H]1C(=O)OC,0,0,0,0,0,0
C[C@@H]1CNC[C@@H](CO)C1,0,0,0,0,0,0
O=C(O)C1(C2=CC=C(OC)C=C2)CCOCC1,0,0,0,0,0,0
CC1(C(OC)=O)N(C(C)=O)CCC1,0,0,0,0,0,0
C[C@H]1[C@@H](C(OC)=O)N(S(=O)(C)=O)CCC1,0,0,0,0,0,0
C[C@@H]1NCCC[C@@H]1CO,0,0,0,0,0,0
O=C(OC(C)(C)C)[C@@H]1CN(C(C)=O)[C@@H](C)C1,0,0,0,0,0,0
O=C(OC)C1(C2=NC=CC=C2)CCCC1,0,0,0,0,0,0
O=C(OC)C1(C2=CC=C(C)C=C2)CCOCC1,0,0,0,0,0,0
NC1(CC2=CC=C(F)C=C2)CNCC1,0,0,0,0,0,0
O=C([C@@H]1[C@H](C2=CN=CC=C2)COC1)OC,0,0,0,0,0,0
CC1(C(OC)=O)N(S(=O)(C)=O)CCC1,0,0,0,0,0,0
C[C@H]1[C@@H](C(OC)=O)N(C(C)=O)CCC1,0,0,0,0,0,0
C[C@H]1[C@@H](CO)CCCN1C,0,0,0,0,0,0
O=C(OC(C)(C)C)[C@@H]1CN(S(C)(=O)=O)[C@@H](C)C1,0,0,0,0,0,0
O=C(NC(C=CC=C1)=C1C2)C32CCOCC3,0,0,0,0,0,0
COC1=CC([C@H]2[C@@H](C(OC)=O)COCC2)=CC=C1,0,0,0,0,0,0
C[C@H]1NCCC[C@H]1C(OC)=O,0,0,0,0,0,0
C[C@H]1[C@H](C(OC)=O)CCN1C(C)=O,0,0,0,0,0,0
OC[C@H]1CNC[C@H](C)C1,0,0,0,0,0,0
FCC1(C2=CC=CC=N2)CCOCC1,0,0,0,0,0,0
NCC1(C2=NC=CC=C2)CCCC1,0,0,0,0,0,0
CC(C=C1)=CC=C1C2(C(OC)=O)CN(C(C)=O)CC2,0,0,0,0,0,0
O=C1NC2=C(C=CC=C2)CC31NCCC3,0,0,0,0,0,0
CC(C=CC=C1)=C1[C@H]2[C@@H](C(O)=O)COC2,0,0,0,0,0,0
C[C@H]1N(S(=O)(C)=O)CCC[C@H]1C(OC)=O,0,0,0,0,0,0
OC[C@H]1CN[C@@H](C)CC1,0,0,0,0,0,0
C[C@H]1CNCC[C@H]1CO,0,0,0,0,0,0
OCC1(C2=CC=CC=N2)CCOCC1,0,0,0,0,0,0
CC(C=C1)=CC=C1C2(C(OC)=O)CCNCC2,0,0,0,0,0,0
O=S(N1CCC2C1(C(N)=O)C2)(C3=CC=CC=C3)=O,0,0,0,0,0,0
O=C(N1C[C@H](C(OC)=O)[C@H](C2=CC=CC=C2)C1)C,0,0,0,0,0,0
COC1=CC([C@H]2[C@@H](C(O)=O)COCC2)=CC=C1,0,0,0,0,0,0
C[C@H]1N(S(=O)(C)=O)CCC[C@H]1C(O)=O,0,0,0,0,0,0
C[C@@H]1[C@@H](CO)N(S(C)(=O)=O)CCC1,0,0,0,0,0,0
C[C@H]1CN(C)CC[C@H]1CO,0,0,0,0,0,0
CC1(COC)CCCN1C(OC(C)(C)C)=O,0,0,0,0,0,0
CC(C=C1)=CC=C1C2(C(OC)=O)CNCCC2,0,0,0,0,0,0
OC[C@@H]1[C@H](C2=CC=CC=C2)CN(C(C)=O)C1,0,0,0,0,0,0
OC[C@@H]1[C@H](C2=CC=CC=C2F)COC1,0,0,0,0,0,0
C[C@H]1N(S(=O)(C)=O)CCC[C@H]1C(N)=O,0,0,0,0,0,0
C[C@@H]1[C@@H](CO)N(C(C)=O)CCC1,0,0,0,0,0,0
C[C@@H]1CCNC[C@@H]1CO,0,0,0,0,0,0
CC1(C(N)=O)CCCN1C(OC(C)(C)C)=O,0,0,0,0,0,0
OC(C1(C2=CC=C(C)C=C2)CN(C(C)=O)CCC1)=O,0,0,0,0,0,0
O=S(C12N(C(C)=O)CCC1C2)(C3=CC=CC=C3)=O,0,0,0,0,0,0
CN(N=C1)C=C1[C@H]2[C@@H](C(OC)=O)CCC2,0,0,0,0,0,0
OC[C@@H]1[C@H](C2=CC=CC=C2F)CNC1,0,0,0,0,0,0
N[C@H]1COCC[C@H]1C2=CC=CC(OC)=C2,0,0,0,0,0,0
NC[C@@H]1[C@H](C2=CC=CC=C2F)COC1,0,0,0,0,0,0
COCC1=NC(C23N(C)CCC2C3)=CC=C1,0,0,0,0,0,0
COC(N=C1)=NC=C1C23N(C(C)=O)CCC2C3,0,0,0,0,0,0
COC1=NC=CC=C1C23N(C(C)=O)CCC2C3,0,0,0,0,0,0
COCC1=NC(C23N(C(C)=O)CCC2C3)=CC=C1,0,0,0,0,0,0
CC(C=C(F)C=N1)=C1C23N(C(C)=O)CCC2C3,0,0,0,0,0,0
COC1=NC=CC=C1C23N(S(C)(=O)=O)CCC2C3,0,0,0,0,0,0
CC(C=C(F)C=N1)=C1C23N(S(C)(=O)=O)CCC2C3,0,0,0,0,0,0
CS(N1CCC2C1(C3=CC=CC=C3OC)C2)(=O)=O,0,0,0,0,0,0
COC(C=C1)=CC=C1C23N(C4=CN=CC=C4)CCC2C3,0,0,0,0,0,0
BrC1=CNN=C1,0,0,0,0,0,0
BrC1=CON=C1,0,0,0,0,0,0
NC1=NC=CC(I)=C1,0,0,0,0,0,0
O=C1C=C(I)C=CN1,0,0,0,0,0,0
IC1=CC=C(S(N)(=O)=O)C=C1,0,0,0,0,0,0
BrC1=CC=C(NC(C)=O)C=C1,0,0,0,0,0,0
BrC1=CN=CN=C1,0,0,0,0,0,0
BrC1=CC(OC)=NC=C1,0,0,0,0,0,0
IC1=CNN=C1,0,0,0,0,0,0
NC1=NC=CC(Br)=C1,0,0,0,0,0,0
O=C1C=C(Br)C=CN1,0,0,0,0,0,0
IC1=CC=C(C(N)=O)C=C1,0,0,0,0,0,0
IC1=CN=CN=C1,0,0,0,0,0,0
BrC1=CC=NC2=NC=CC=C21,0,0,0,0,0,0
BrC1=CC=C(S(C)(=O)=O)C=C1,0,0,0,0,0,0
OC1=C(OC)C=C(Br)C=C1,0,0,0,0,0,0
OC1=C(C#N)C=C(Br)C=C1,0,0,0,0,0,0
BrC1=CN(CCO)N=C1,0,0,0,0,0,0
BrC1=CC(C#N)=C(OC)C=C1,0,0,0,0,0,0
O=C1N(CCOC)C=CC(Br)=C1,0,0,0,0,0,0
BrC1=CC(COC)=NC=C1,0,0,0,0,0,0
BrC1=CC(OC)=C(CO)C=C1,0,0,0,0,0,0
CC(=O)N[C@@H](Cc1ccccc1)C(=O)NCC#CBr,0,0,0,0,0,0
CC(=O)N[C@@H](CCC(=O)O)C(=O)NCC#CBr,0,0,0,0,0,0
C[C@H](NC(=O)C)C(=O)NCC#CBr,0,0,0,0,0,0
CC(=O)NCCCC[C@H](NC(=O)C)C(=O)NCc1ccc(cc1)Br,0,0,0,0,0,0
CC(C)C(NC(=O)C)C(=O)NCC#CBr,0,0,0,0,0,0
CC[C@@H](C)[C@H](NC(=O)C)C(=O)NCC#CBr,0,0,0,0,0,0
CC(=O)N[C@@H](CCC(=O)N)C(=O)NCC#CBr,0,0,0,0,0,0
CC(NC(CC(O)=O)C(NCC#CBr)=O)=O,0,0,0,0,0,0
CC(N[C@@H](CC1=CNC2=C1C=CC=C2)C(NCC#CBr)=O)=O,0,0,0,0,0,0
CC(N[C@@H](CC1=C[NH2+]C=N1)C(NCC#CBr)=O)=O.O=C([O-])C(F)(F)F,0,0,0,0,0,0
CC(N[C@@H](CC(C)C)C(NCC#CBr)=O)=O,0,0,0,0,0,0
CC(N[C@@H](CCCC[NH3+])C(NCC#CBr)=O)=O.O=C([O-])C(F)(F)F,0,0,0,0,0,0
NC1=CC(=O)NN1,0,0,0,0,0,0
BrC=1C=CC=NC1,0,0,0,0,0,0
C1=CNN=N1,0,0,0,0,0,0
Cl.O=C1N=CC=CN1,0,0,0,0,0,0
C1CCNC1,0,0,0,0,0,0
C1CNCCN1,0,0,0,0,0,0
OC(=O)C1CCN1,0,0,0,0,0,0
O=S1(=O)CCN1,0,0,0,0,0,0
O=C1CCCN1,0,0,0,0,0,0
NCC(=O)O,0,0,0,0,0,0
CCOC(=O)N,0,0,0,0,0,0
OCC1CC1,0,0,0,0,0,0
OC=1C=CC=CC1,0,0,0,0,0,0
NC(=O)C1CCC1,0,0,0,0,0,0
NC(=O)CC#N,0,0,0,0,0,0
CC(=O)NC(=O)N,0,0,0,0,0,0
OC(=O)C1CCC1,0,0,0,0,0,0
O=C1CCON1,0,0,0,0,0,0
NC=1N=CC=CN1,0,0,0,0,0,0
N#CC=1C=CON1,0,0,0,0,0,0
CC(C)C(=NO)N,0,0,0,0,0,0
O=C1C=CC=NN1,0,0,0,0,0,0
NC=1C=CC=NN1,0,0,0,0,0,0
Cl.CC(N)CC(=O)N,0,0,0,0,0,0
Cl.Cl.CN1C=NC(N)=C1,0,0,0,0,0,0
Cl.NC1=CSC(N)=N1,0,0,0,0,0,0
OCC=1C=CNN1,0,0,0,0,0,0
Cl.N=C1NCCCN1,0,0,0,0,0,0
OP(=O)(O)O,0,0,0,0,0,0
BrC=1C=NNC1,0,0,0,0,0,0
CCC(=O)O,0,0,0,0,0,0
CC1=NN=NN1,0,0,0,0,0,0
O=C1NCCN1,0,0,0,0,0,0
N#CC1CC1,0,0,0,0,0,0
Cl.NC(=O)C1(N)CC1,0,0,0,0,0,0
NCC1CC1,0,0,0,0,0,0
Cl.CNC(=O)[C@@H](C)N,0,0,0,0,0,0
Cl.NC1CCNC1=O,0,0,0,0,0,0
Cl.CC[C@H](N)C(=O)N,0,0,0,0,0,0
NCC=1C=CSC1,0,0,0,0,0,0
Cl.OC1CNC1,0,0,0,0,0,0
Cl.N#CC1=CNC=N1,0,0,0,0,0,0
O[C@H]1COC[C@H]1O,0,0,0,0,0,0
O=S1(=O)CCC1,0,0,0,0,0,0
CC(C)NC1=NC=2C=CC=CC2N1,0,0,0,0,0,0
CC(N)C=1C=CC(NC(=O)C2CC2)=CC1,0,0,0,0,0,0
CNCC=1C=CN=CC1,0,0,0,0,0,0
C[C@H](O)CNCC=1C=CC=2OCOC2C1,0,0,0,0,0,0
CC(=O)NC1CNC=2C=CC=CC2C1,0,0,0,0,0,0
CC(=O)N1C[C@H](O)C[C@@H]1C(=O)O,0,0,0,0,0,0
ClC=1SN=NC1CN2CCOCC2,0,0,0,0,0,0
COC=1C=CC(=CC1)C(=O)NCC(=O)N,0,0,0,0,0,0
COC=1C=CC(=CC1)C(N)C(=O)O,0,0,0,0,0,0
CC(=O)NCC1CNCCO1,0,0,0,0,0,0
CC(C)C(N)C(=O)N1CCOCC1,0,0,0,0,0,0
CNC(C)C=1SC(C)=NC1C,0,0,0,0,0,0
CC(N)C=1C=CC(=CC1)N2CCOCC2,0,0,0,0,0,0
CNC1(CCCC1)C(=O)N,0,0,0,0,0,0
CNC1CCCCC1S(=O)(=O)C,0,0,0,0,0,0
CCC1=NC=C(CNC)S1,0,0,0,0,0,0
CS(=O)(=O)NC1CCNCC1,0,0,0,0,0,0
CC=1C=CC(NC(=O)C2=CC=CO2)=CC1O,0,0,0,0,0,0
CN(C)C=1N=CN=C2SC(C)=C(C)C12,0,0,0,0,0,0
CC1=NC(=NO1)C=2C=CC=CC2,0,0,0,0,0,0
CNC1(CO)CCOCC1,0,0,0,0,0,0
CC=1C=CC(NC=2N=CN=C3NN=CC23)=CC1,0,0,0,0,0,0
CC(C)(CO)NC(=O)NC=1C=CC(Cl)=CC1,0,0,0,0,0,0
CC(N)C1=CN(N=N1)C=2C=CC=CC2,0,0,0,0,0,0
FC(F)(F)CC(=O)N1CCNCC1,0,0,0,0,0,0
CC1=NC=2C=CC=CC2N1CCC(=O)N,0,0,0,0,0,0
NC(=O)C1CCC(F)(F)CC1,0,0,0,0,0,0
CNS(=O)(=O)C=1C=CC=C(C)C1F,0,0,0,0,0,0
CNCC1COC=2C=CC=CC2O1,0,0,0,0,0,0
O=C1NC=C(NCC=2C=CC=CC2)C(=O)N1,0,0,0,0,0,0
CC1=CSC(NC(=O)NC=2C=CC=C(C)C2)=N1,0,0,0,0,0,0
ClC=1C=CC=C(C1)C(=O)NC=2C=CON2,0,0,0,0,0,0
CCOC=1C=CC(NC(=O)NC(C)(C)C)=CC1,0,0,0,0,0,0
CC1=NC(CN2C[C@@H](F)C[C@H]2CN)=CS1,0,0,0,0,0,0
N[C@H]1CCN(C1)S(=O)(=O)C=2C=CC=CC2,0,0,0,0,0,0
FC=1C=CC(=CC1)N2CCN(CC2)C(=O)C3CC3,0,0,0,0,0,0
CC(C)C=1C=CC(=CC1)C(=O)NC=2C=CC=CN2,0,0,0,0,0,0
CC(N)CN1CCOCC1,0,0,0,0,0,0
CC(C)NC(=O)N(C)C1CCS(=O)(=O)C1,0,0,0,0,0,0
NC(=O)C=1C=CC(NC(=O)C=2C=NC=CN2)=CC1,0,0,0,0,0,0
CC(C)NC(=O)C=1C=CC=2C=CC=CC2N1,0,0,0,0,0,0
CN(CCC=1C=CC=CN1)C(=O)C=2C=CC=CC2,0,0,0,0,0,0
ClC=1C=CC=C(C1)N2CCN(CC#N)CC2,0,0,0,0,0,0
CC1(CC1)S(=O)(=O)N2CCC=C(F)C2,0,0,0,0,0,0
CS(=O)(=O)NC=1C=CC(=CC1)C=2C=CC=CC2,0,0,0,0,0,0
CC(C)C(=O)NC=1N=NN(C)N1,0,0,0,0,0,0
CC1CCCN(C1)C(=O)CO,0,0,0,0,0,0
CN1CCN(CC1)C(=O)C2CCCO2,0,0,0,0,0,0
CN(C)C(=O)OCCN1C=CN=C1,0,0,0,0,0,0
CN1CCN(CC1)C=2C=CC(C#N)=CC2,0,0,0,0,0,0
COC=1C=CC(CNC(=O)CC#N)=CC1,0,0,0,0,0,0
CC(C)(C(=O)N)C=1C=CC=CC1,0,0,0,0,0,0
CNC(=O)C=1C=CC(CS(=O)(=O)C)=CC1,0,0,0,0,0,0
O=C1N(C2=CC=CC=C2)[Se]C3=CC=CC=C13,0,0,0,0,0,0
